Workbook

Sheet 汇总
A1: 检索数据 | U1: 处理进度
B2: 整体检索量(除PDD) | E2: 整体违规量 | K2: 已知经销商 | Q2: 未知经销商 | U2: 整体 | X2: 已知经销商 | AA2: 未知经销商 淘宝
A3: 区域 | B3: 总检测链接(除PDD) | C3: 总违规链接(除PDD) | D3: 总违规链接%(除PDD) | E3: 总违规链接 | F3: 总违规链接% | G3: 总违规门店 | H3: 总违规门店% | I3: 总违规经销商 | J3: 总违规经销商% | K3: 违规链接数 | L3: 违规链接% | M3: 违规门店数 | N3: 违规门店% | O3: 违规经销商数 | P3: 违规经销商% | Q3: 违规链接数 | R3: 违规链接% | S3: 违规门店数 | T3: 违规门店% | U3: 总违规链接数 | V3: 调整/下架链接数量 | W3: 完成率 | X3: 违规链接 | Y3: 调整/下架链接数量 | Z3: 完成率 | AA3: 违规链接 | AB3: 调整/下架链接数量 | AC3: 完成率
A4: 广州大区 | B4: 439 | C4: 32 | D4: 0.072892938 | E4: 32 | F4: 0.091690544 | G4: 11 | H4: 0.085271318 | I4: 1 | J4: 0.071428571 | K4: 20 | L4: 0.1980198 | M4: 7 | N4: 0.25 | O4: 1 | P4: 0.071428571 | Q4: 12 | R4: 0.048387097 | S4: 4 | T4: 0.03960396 | U4: 32 | V4: 21 | W4: 0.65625 | X4: 20 | Y4: 20 | Z4: 1 | AA4: 12 | AB4: 1 | AC4: 0.083333333
A5: 深圳大区 | B5: 66 | C5: 6 | D5: 0.090909091 | E5: 6 | F5: 0.017191977 | G5: 5 | H5: 0.03875969 | I5: 0 | J5: 0 | K5: 0 | L5: 0 | M5: 0 | N5: 0 | O5: 0 | P5: 0 | Q5: 6 | R5: 0.024193548 | S5: 5 | T5: 0.04950495 | U5: 6 | V5: 2 | W5: 0.33333333 | X5: 0 | Y5: 0 | Z5: 0 | AA5: 6 | AB5: 2 | AC5: 0.33333333
A6: 华中大区 | B6: 209 | C6: 10 | D6: 0.04784689 | E6: 23 | F6: 0.065902579 | G6: 6 | H6: 0.046511628 | I6: 3 | J6: 0.21428571 | K6: 20 | L6: 0.1980198 | M6: 4 | N6: 0.14285714 | O6: 3 | P6: 0.21428571 | Q6: 3 | R6: 0.012096774 | S6: 2 | T6: 0.01980198 | U6: 23 | V6: 1 | W6: 0.043478261 | X6: 20 | Y6: 0 | Z6: 0 | AA6: 3 | AB6: 1 | AC6: 0.33333333
A7: 华东大区 | B7: 226 | C7: 37 | D7: 0.16371681 | E7: 37 | F7: 0.10601719 | G7: 11 | H7: 0.085271318 | I7: 1 | J7: 0.071428571 | K7: 11 | L7: 0.10891089 | M7: 2 | N7: 0.071428571 | O7: 1 | P7: 0.071428571 | Q7: 26 | R7: 0.10483871 | S7: 9 | T7: 0.089108911 | U7: 37 | V7: 5 | W7: 0.13513514 | X7: 11 | Y7: 0 | Z7: 0 | AA7: 26 | AB7: 5 | AC7: 0.19230769
A8: 上海大区 | B8: 236 | C8: 37 | D8: 0.15677966 | E8: 43 | F8: 0.12320917 | G8: 17 | H8: 0.13178295 | I8: 4 | J8: 0.28571429 | K8: 32 | L8: 0.31683168 | M8: 8 | N8: 0.28571429 | O8: 4 | P8: 0.28571429 | Q8: 11 | R8: 0.044354839 | S8: 9 | T8: 0.089108911 | U8: 43 | V8: 36 | W8: 0.8372093 | X8: 32 | Y8: 28 | Z8: 0.875 | AA8: 11 | AB8: 8 | AC8: 0.72727273
A9: 闽赣大区 | B9: 12 | C9: 1 | D9: 0.083333333 | E9: 1 | F9: 0.0028653295 | G9: 1 | H9: 0.007751938 | I9: 0 | J9: 0 | K9: 0 | L9: 0 | M9: 0 | N9: 0 | O9: 0 | P9: 0 | Q9: 1 | R9: 0.0040322581 | S9: 1 | T9: 0.0099009901 | U9: 1 | V9: 1 | W9: 1 | X9: 0 | Y9: 0 | Z9: 0 | AA9: 1 | AB9: 1 | AC9: 1
A10: 华北大区 | B10: 218 | C10: 16 | D10: 0.073394495 | E10: 17 | F10: 0.048710602 | G10: 11 | H10: 0.085271318 | I10: 2 | J10: 0.14285714 | K10: 6 | L10: 0.059405941 | M10: 3 | N10: 0.10714286 | O10: 2 | P10: 0.14285714 | Q10: 11 | R10: 0.044354839 | S10: 8 | T10: 0.079207921 | U10: 17 | V10: 3 | W10: 0.17647059 | X10: 6 | Y10: 0 | Z10: 0 | AA10: 11 | AB10: 3 | AC10: 0.27272727
A11: 西南大区 | B11: 55 | C11: 4 | D11: 0.072727273 | E11: 5 | F11: 0.014326648 | G11: 2 | H11: 0.015503876 | I11: 1 | J11: 0.071428571 | K11: 1 | L11: 0.0099009901 | M11: 1 | N11: 0.035714286 | O11: 1 | P11: 0.071428571 | Q11: 4 | R11: 0.016129032 | S11: 1 | T11: 0.0099009901 | U11: 5 | V11: 1 | W11: 0.2 | X11: 1 | Y11: 0 | Z11: 0 | AA11: 4 | AB11: 1 | AC11: 0.25
A12: 鲁豫陕大区 | B12: 162 | C12: 9 | D12: 0.055555556 | E12: 9 | F12: 0.025787966 | G12: 5 | H12: 0.03875969 | I12: 1 | J12: 0.071428571 | K12: 6 | L12: 0.059405941 | M12: 2 | N12: 0.071428571 | O12: 1 | P12: 0.071428571 | Q12: 3 | R12: 0.012096774 | S12: 3 | T12: 0.02970297 | U12: 9 | V12: 3 | W12: 0.33333333 | X12: 6 | Y12: 0 | Z12: 0 | AA12: 3 | AB12: 3 | AC12: 1
A13: 电商 | B13: 154 | C13: 5 | D13: 0.032467532 | E13: 5 | F13: 0.014326648 | G13: 1 | H13: 0.007751938 | I13: 1 | J13: 0.071428571 | K13: 5 | L13: 0.04950495 | M13: 1 | N13: 0.035714286 | O13: 1 | P13: 0.071428571 | Q13: 0 | R13: 0 | S13: 0 | T13: 0 | U13: 5 | V13: 0 | W13: 0 | X13: 5 | Y13: 0 | Z13: 0 | AA13: 0 | AB13: 0 | AC13: 0
A14: 无法判定大区 | B14: 1510 | C14: 56 | D14: 0.037086093 | E14: 171 | F14: 0.48997135 | G14: 59 | H14: 0.45736434 | I14: 0 | J14: 0 | K14: 0 | L14: 0 | M14: 0 | N14: 0 | O14: 0 | P14: 0 | Q14: 171 | R14: 0.68951613 | S14: 59 | T14: 0.58415842 | U14: 171 | V14: 51 | W14: 0.29824561 | X14: 0 | Y14: 0 | Z14: 0 | AA14: 171 | AB14: 51 | AC14: 0.29824561
A15: TTL | B15: 3287 | C15: 213 | D15: 0.06480073 | E15: 349 | F15: 1 | G15: 129 | H15: 1 | I15: 14 | J15: 1 | K15: 101 | L15: 1 | M15: 28 | N15: 1 | O15: 14 | P15: 1 | Q15: 248 | R15: 1 | S15: 101 | T15: 1 | U15: 349 | V15: 124 | W15: 0.35530086 | X15: 101 | Y15: 48 | Z15: 0.47524752 | AA15: 248 | AB15: 76 | AC15: 0.30645161
U18: 处理进度
A19: 仅餐后数据 | B19: 整体检索量(除PDD) | E19: 整体违规量 | K19: 已知经销商 | Q19: 未知经销商 | U19: 整体 | X19: 已知经销商 | AA19: 未知经销商 淘宝
A20: 区域 | B20: 总检测链接(除PDD) | C20: 总违规链接(除PDD) | D20: 总违规链接%(除PDD) | E20: 总违规链接 | F20: 总违规链接% | G20: 总违规门店 | H20: 总违规门店% | I20: 总违规经销商 | J20: 总违规经销商% | K20: 违规链接数 | L20: 违规链接% | M20: 违规门店数 | N20: 违规门店% | O20: 违规经销商数 | P20: 违规经销商% | Q20: 违规链接数 | R20: 违规链接% | S20: 违规门店数 | T20: 违规门店% | U20: 总违规链接数 | V20: 调整/下架链接数量 | W20: 完成率 | X20: 违规链接 | Y20: 调整/下架链接数量 | Z20: 完成率 | AA20: 违规链接 | AB20: 调整/下架链接数量 | AC20: 完成率
A21: 广州大区 | B21: 84 | C21: 4 | D21: 0.15384615 | E21: 4 | F21: 0.10810811 | G21: 3 | H21: 0.10344828 | I21: 1 | J21: 0.25 | K21: 2 | L21: 0.33333333 | M21: 2 | N21: 0.4 | O21: 1 | P21: 0.25 | Q21: 2 | R21: 0.064516129 | S21: 1 | T21: 0.041666667 | U21: 4 | V21: 2 | W21: 0.5 | X21: 2 | Y21: 2 | Z21: 1 | AA21: 2 | AB21: 0 | AC21: 0
A22: 深圳大区 | B22: 9 | C22: 1 | D22: 0.038461538 | E22: 1 | F22: 0.027027027 | G22: 1 | H22: 0.034482759 | I22: 0 | J22: 0 | K22: 0 | L22: 0 | M22: 0 | N22: 0 | O22: 0 | P22: 0 | Q22: 1 | R22: 0.032258065 | S22: 1 | T22: 0.041666667 | U22: 1 | V22: 0 | W22: 0 | X22: 0 | Y22: 0 | Z22: 0 | AA22: 1 | AB22: 0 | AC22: 0
A23: 华中大区 | B23: 23 | C23: 0 | D23: 0 | E23: 0 | F23: 0 | G23: 0 | H23: 0 | I23: 0 | J23: 0 | K23: 0 | L23: 0 | M23: 0 | N23: 0 | O23: 0 | P23: 0 | Q23: 0 | R23: 0 | S23: 0 | T23: 0 | U23: 0 | V23: 0 | W23: 0 | X23: 0 | Y23: 0 | Z23: 0 | AA23: 0 | AB23: 0 | AC23: 0
A24: 华东大区 | B24: 26 | C24: 0 | D24: 0 | E24: 0 | F24: 0 | G24: 0 | H24: 0 | I24: 0 | J24: 0 | K24: 0 | L24: 0 | M24: 0 | N24: 0 | O24: 0 | P24: 0 | Q24: 0 | R24: 0 | S24: 0 | T24: 0 | U24: 0 | V24: 0 | W24: 0 | X24: 0 | Y24: 0 | Z24: 0 | AA24: 0 | AB24: 0 | AC24: 0
A25: 上海大区 | B25: 50 | C25: 9 | D25: 0.34615385 | E25: 9 | F25: 0.24324324 | G25: 7 | H25: 0.24137931 | I25: 1 | J25: 0.25 | K25: 2 | L25: 0.33333333 | M25: 1 | N25: 0.2 | O25: 1 | P25: 0.25 | Q25: 7 | R25: 0.22580645 | S25: 6 | T25: 0.25 | U25: 9 | V25: 6 | W25: 0.66666667 | X25: 2 | Y25: 1 | Z25: 0.5 | AA25: 7 | AB25: 5 | AC25: 0.71428571
A26: 闽赣大区 | B26: 0 | C26: 0 | D26: 0 | E26: 0 | F26: 0 | G26: 0 | H26: 0 | I26: 0 | J26: 0 | K26: 0 | L26: 0 | M26: 0 | N26: 0 | O26: 0 | P26: 0 | Q26: 0 | R26: 0 | S26: 0 | T26: 0 | U26: 0 | V26: 0 | W26: 0 | X26: 0 | Y26: 0 | Z26: 0 | AA26: 0 | AB26: 0 | AC26: 0
A27: 华北大区 | B27: 38 | C27: 1 | D27: 0.038461538 | E27: 1 | F27: 0.027027027 | G27: 1 | H27: 0.034482759 | I27: 1 | J27: 0.25 | K27: 1 | L27: 0.16666667 | M27: 1 | N27: 0.2 | O27: 1 | P27: 0.25 | Q27: 0 | R27: 0 | S27: 0 | T27: 0 | U27: 1 | V27: 0 | W27: 0 | X27: 1 | Y27: 0 | Z27: 0 | AA27: 0 | AB27: 0 | AC27: 0
A28: 西南大区 | B28: 1 | C28: 0 | D28: 0 | E28: 0 | F28: 0 | G28: 0 | H28: 0 | I28: 0 | J28: 0 | K28: 0 | L28: 0 | M28: 0 | N28: 0 | O28: 0 | P28: 0 | Q28: 0 | R28: 0 | S28: 0 | T28: 0 | U28: 0 | V28: 0 | W28: 0 | X28: 0 | Y28: 0 | Z28: 0 | AA28: 0 | AB28: 0 | AC28: 0
A29: 鲁豫陕大区 | B29: 11 | C29: 1 | D29: 0.038461538 | E29: 1 | F29: 0.027027027 | G29: 1 | H29: 0.034482759 | I29: 1 | J29: 0.25 | K29: 1 | L29: 0.16666667 | M29: 1 | N29: 0.2 | O29: 1 | P29: 0.25 | Q29: 0 | R29: 0 | S29: 0 | T29: 0 | U29: 1 | V29: 0 | W29: 0 | X29: 1 | Y29: 0 | Z29: 0 | AA29: 0 | AB29: 0 | AC29: 0
A30: 电商 | B30: 15 | C30: 0 | D30: 0 | E30: 0 | F30: 0 | G30: 0 | H30: 0 | I30: 0 | J30: 0 | K30: 0 | L30: 0 | M30: 0 | N30: 0 | O30: 0 | P30: 0 | Q30: 0 | R30: 0 | S30: 0 | T30: 0 | U30: 0 | V30: 0 | W30: 0 | X30: 0 | Y30: 0 | Z30: 0 | AA30: 0 | AB30: 0 | AC30: 0
A31: 无法判定大区 | B31: 328 | C31: 10 | D31: 0.38461538 | E31: 21 | F31: 0.56756757 | G31: 16 | H31: 0.55172414 | I31: 0 | J31: 0 | K31: 0 | L31: 0 | M31: 0 | N31: 0 | O31: 0 | P31: 0 | Q31: 21 | R31: 0.67741935 | S31: 16 | T31: 0.66666667 | U31: 21 | V31: 15 | W31: 0.71428571 | X31: 0 | Y31: 0 | Z31: 0 | AA31: 21 | AB31: 15 | AC31: 0.71428571
A32: TTL | B32: 585 | C32: 26 | D32: 1 | E32: 37 | F32: 1 | G32: 29 | H32: 1 | I32: 4 | J32: 1 | K32: 6 | L32: 1 | M32: 5 | N32: 1 | O32: 4 | P32: 1 | Q32: 31 | R32: 1 | S32: 24 | T32: 1 | U32: 37 | V32: 23 | W32: 0.62162162 | X32: 6 | Y32: 3 | Z32: 0.5 | AA32: 31 | AB32: 20 | AC32: 0.64516129 | AE32: 0.83783784

Sheet 总数据
A1: 年月 | B1: 核检日期 | C1: 所属大区 | D1: 更新经销商 | E1: 平台名称 | F1: 发货地区 | G1: 店铺名称 | H1: 商品链接 | I1: 型号 | J1: 数量 | K1: 平台促销价 | L1: 2026年1月促销价格指引 | M1: 售卖单价 （PC） | N1: 促销价是否比红线价低 | O1: 处理大区 | P1: 负责人 | Q1: 整改时间 | R1: 反馈整改图片 | S1: 谁处理问题 | T1: 处理时间 | U1: 处理结果 | V1: 优惠信息 | W1: 商品ID | X1: spu名称 | Y1: sku描述 | Z1: skuid | AA1: 换算价 | AB1: 差价 | AC1: 正常价 | AD1: 销量
A2: 46082 | B2: 46084 | C2: 无法判定大区 | D2: 未知经销商 | E2: 京东 | G2: 拓旭冲饮谷物专营店 | H2: https://item.jd.com/10140930409661.html | I2: 卡士餐后一小时无蔗糖原味250g | J2: 3 | K2: 40 | L2: =VLOOKUP(I:I,[1]指导价!$A:$B,2,0) -> 10.9 | M2: =K2/J2 -> 13.333333 | N2: 否 | W2: 10140930409661 | X2: 食怀【顺丰】卡士酸奶餐后一小时250g*12瓶原味双歧杆菌48小时发货 【0蔗糖组合】 | Y2: 食怀【顺丰】卡士酸奶餐后一小时250g*12瓶原味双歧杆菌48小时发货 【0蔗糖组合】 | Z2: 10140930409661 | AA2: =J2*L2 -> 32.7 | AB2: =K:K-AA:AA -> 7.3
A3: 46082 | B3: 46084 | C3: 无法判定大区 | D3: 未知经销商 | E3: 京东 | G3: 风韵点心专营店 | H3: https://item.jd.com/10166064336105.html | I3: 卡士餐后一小时原味250g | J3: 3 | K3: 42 | L3: =VLOOKUP(I:I,[1]指导价!$A:$B,2,0) -> 10.9 | M3: =K3/J3 -> 14 | N3: 否 | W3: 10166064336105 | X3: 碧淼芬晨【顺丰】卡士酸奶餐后一小时250g*12瓶原味双歧杆菌48小时发货 [0蔗糖组合] | Y3: 碧淼芬晨【顺丰】卡士酸奶餐后一小时250g*12瓶原味双歧杆菌48小时发货 [0蔗糖组合] | Z3: 10166064336105 | AA3: =J3*L3 -> 32.7 | AB3: =K:K-AA:AA -> 9.3
A4: 46082 | B4: 46084 | C4: 上海大区 | D4: 未知经销商 | E4: 淘宝/天猫 | F4: 上海 | G4: 屹天食品专营店 | H4: https://detail.tmall.com/item.htm?id=687622040734 | I4: 卡士007益生菌家庭装酸奶原味1kg（含港澳版） | J4: 1 | K4: 29.9 | L4: =VLOOKUP(I:I,[1]指导价!$A:$B,2,0) -> 24.9 | M4: =K4/J4 -> 29.9 | N4: 否 | V4: 淘金币频道抵扣11%起 | W4: 687622040734 | X4: 卡士007家庭装酸奶原味1kg瓶装0食品添加7种益生菌低温风味发酵乳 | Y4: 【红色007原味】家庭装1Kg,1瓶 | Z4: 4901168272429 | AA4: =J4*L4 -> 24.9 | AB4: =K:K-AA:AA -> 5
A5: 46082 | B5: 46084 | C5: =VLOOKUP(G5,白名单!C:E,3,0) -> 上海大区 | D5: 上海晗臻实业有限公司 | E5: 淘宝/天猫 | F5: 上海 | G5: 晗臻尤品 | H5: https://item.taobao.com/item.htm?id=856684567883 | I5: 卡士宝贝第二餐儿童酸奶（原味、西梅苹果味无蔗糖、4%蔗糖草莓蓝莓树莓味、4%蔗糖山楂六物味）（单袋85g） 单袋 | J5: 4 | K5: 26.4 | L5: =VLOOKUP(I:I,[1]指导价!$A:$B,2,0) -> 6.6 | M5: =K5/J5 -> 6.6 | N5: 否 | V5: 淘金币频道抵扣5%起 | W5: 856684567883 | X5: 卡士酸奶宝贝第二餐系列原味山楂草莓蓝莓西梅85g/袋儿童酸奶 | Y5: 宝贝第二餐 原味85g*4袋 | Z5: 5831619034398 | AA5: =J5*L5 -> 26.4 | AB5: =K:K-AA:AA -> 0
A6: 46082 | B6: 46084 | C6: =VLOOKUP(G6,白名单!C:E,3,0) -> 上海大区 | D6: 上海晗臻实业有限公司 | E6: 淘宝/天猫 | F6: 上海 | G6: 晗臻尤品 | H6: https://item.taobao.com/item.htm?id=926290113870 | I6: 卡士007小瓶装益生菌酸奶原味 220g | J6: 3 | K6: 26.7 | L6: =VLOOKUP(I:I,[1]指导价!$A:$B,2,0) -> 8.9 | M6: =K6/J6 -> 8.9 | N6: 否 | V6: 淘金币频道抵扣5%起 | W6: 926290113870 | X6: 卡士007AD钙原味牛油果草莓味酸奶风味发酵乳0添加儿童早餐210g | Y6: 卡士AD钙酸奶220g*3瓶 | Z6: 5805744960614 | AA6: =J6*L6 -> 26.7 | AB6: =K:K-AA:AA -> 0
A7: 46082 | B7: 46084 | C7: =VLOOKUP(G7,白名单!C:E,3,0) -> 上海大区 | D7: 上海晗臻实业有限公司 | E7: 淘宝/天猫 | F7: 上海 | G7: 晗臻尤品 | H7: https://item.taobao.com/item.htm?id=793884212333 | I7: 卡士007无蔗糖益生菌家庭装酸奶原味969g 单瓶 | J7: 1 | K7: 24.9 | L7: =VLOOKUP(I:I,[1]指导价!$A:$B,2,0) -> 24.9 | M7: =K7/J7 -> 24.9 | N7: 否 | V7: 淘金币频道抵扣5%起 | W7: 793884212333 | X7: 清仓特价卡士007家庭装原味969g0食品添加乳酸菌低温酸奶 | Y7: 卡士酸奶969g*1瓶 | Z7: 5418212128171 | AA7: =J7*L7 -> 24.9 | AB7: =K:K-AA:AA -> 0
A8: 46082 | B8: 46084 | C8: =VLOOKUP(G8,白名单!C:E,3,0) -> 上海大区 | D8: 上海晗臻实业有限公司 | E8: 淘宝/天猫 | F8: 上海 | G8: 晗臻尤品 | H8: https://item.taobao.com/item.htm?id=856030627488 | I8: 卡士007益生菌酸奶原味440g 单瓶 | J8: 4 | K8: 39.6 | L8: =VLOOKUP(I:I,[1]指导价!$A:$B,2,0) -> 9.9 | M8: =K8/J8 -> 9.9 | N8: 否 | V8: 淘金币频道抵扣5%起 | W8: 856030627488 | X8: 卡士酸奶007小奶罐风味发酵乳7种益生菌0添加营养早餐奶440g/428g | Y8: （红）007小奶罐440g,4瓶 | Z8: 5831038787751 | AA8: =J8*L8 -> 39.6 | AB8: =K:K-AA:AA -> 0
A9: 46082 | B9: 46084 | C9: 华东大区 | D9: 未知经销商 | E9: 淘宝/天猫 | F9: 江苏徐州 | G9: 1展建生活一 | H9: https://item.taobao.com/item.htm?id=1006198786644 | I9: 卡士宝贝第二餐儿童酸奶（原味、西梅苹果味无蔗糖、4%蔗糖草莓蓝莓树莓味、4%蔗糖山楂六物味）（单袋85g） 单袋 | J9: 12 | K9: 117.36 | L9: =VLOOKUP(I:I,[1]指导价!$A:$B,2,0) -> 6.6 | M9: =K9/J9 -> 9.78 | N9: 否 | W9: 1006198786644 | X9: 【孩子喝选我】卡士宝贝第二餐儿童新鲜优质酸奶吸收营养低温酸奶 | Y9: 口味:原味12袋（0蔗糖） | Z9: 6002648984900 | AA9: =J9*L9 -> 79.2 | AB9: =K:K-AA:AA -> 38.16
A10: 46082 | B10: 46084 | C10: 华东大区 | D10: 未知经销商 | E10: 淘宝/天猫 | F10: 江苏徐州 | G10: 1展建生活一 | H10: https://item.taobao.com/item.htm?id=1006763173764 | I10: 卡士宝贝第二餐儿童酸奶（原味、西梅苹果味无蔗糖、4%蔗糖草莓蓝莓树莓味、4%蔗糖山楂六物味）（单袋85g） 单袋 | J10: 12 | K10: 117.72 | L10: =VLOOKUP(I:I,[1]指导价!$A:$B,2,0) -> 6.6 | M10: =K10/J10 -> 9.81 | N10: 否 | W10: 1006763173764 | X10: 【孩子喝选我】卡士宝贝第二餐儿童新鲜优质酸奶吸收营养低温酸奶 | Y10: 口味:原味12袋（0蔗糖） | Z10: 6003756317154 | AA10: =J10*L10 -> 79.2 | AB10: =K:K-AA:AA -> 38.52
A11: 46082 | B11: 46084 | C11: 华东大区 | D11: 未知经销商 | E11: 淘宝/天猫 | F11: 浙江杭州 | G11: 3彤羽精品特价店 | H11: https://item.taobao.com/item.htm?id=1006354257471 | I11: 卡士007益生菌酸奶原味440g 单瓶 | J11: 5 | K11: 103.61 | L11: =VLOOKUP(I:I,[1]指导价!$A:$B,2,0) -> 9.9 | M11: =K11/J11 -> 20.722 | N11: 否 | W11: 1006354257471 | X11: 卡士酸奶007益生菌风味发酵乳零0蔗糖428g早餐奶原味440g小奶罐 | Y11: 颜色分类:007益生菌原味440g*5瓶 | Z11: 6166600699557 | AA11: =J11*L11 -> 49.5 | AB11: =K:K-AA:AA -> 54.11
A12: 46082 | B12: 46084 | C12: 华东大区 | D12: 未知经销商 | E12: 淘宝/天猫 | F12: 浙江杭州 | G12: 4哚雨精品特价店 | H12: https://item.taobao.com/item.htm?id=938569692128 | I12: 卡士007无蔗糖益生菌酸奶原味428g 单瓶 | J12: 6 | K12: 83.83 | L12: =VLOOKUP(I:I,[1]指导价!$A:$B,2,0) -> 9.9 | M12: =K12/J12 -> 13.971667 | N12: 否 | W12: 938569692128 | X12: 卡士酸奶007小奶罐风味发酵乳7种益生菌0添加营养早餐奶440g/428g | Y12: 奶粉种类:6瓶、（蓝）007小奶罐428g | Z12: 5999058111050 | AA12: =J12*L12 -> 59.4 | AB12: =K:K-AA:AA -> 24.43
A13: 46082 | B13: 46084 | C13: 广州大区 | D13: 未知经销商 | E13: 淘宝/天猫 | F13: 广东东莞 | G13: classykiss卡士宫荼专卖店 | H13: https://detail.tmall.com/item.htm?id=891689798607 | I13: 卡士宝贝第二餐儿童酸奶（原味、西梅苹果味无蔗糖、4%蔗糖草莓蓝莓树莓味、4%蔗糖山楂六物味）（单袋85g） 单袋 | J13: 12 | K13: 82.04 | L13: =VLOOKUP(I:I,[1]指导价!$A:$B,2,0) -> 6.6 | M13: =K13/J13 -> 6.8366667 | N13: 否 | W13: 891689798607 | X13: 卡士宝贝第二餐儿童低温酸奶0%/4%蔗糖可选控糖宝宝85g*12袋 | Y13: 口味:12袋】卡士第二餐原味0糖 | Z13: 5905484770700 | AA13: =J13*L13 -> 79.2 | AB13: =K:K-AA:AA -> 2.84
A14: 46082 | B14: 46084 | C14: 广州大区 | D14: 未知经销商 | E14: 淘宝/天猫 | F14: 广东东莞 | G14: classykiss卡士宫荼专卖店 | H14: https://detail.tmall.com/item.htm?id=892493620491 | I14: 卡士007益生菌酸奶原味440g 单瓶 | J14: 5 | K14: 67.28 | L14: =VLOOKUP(I:I,[1]指导价!$A:$B,2,0) -> 9.9 | M14: =K14/J14 -> 13.456 | N14: 否 | W14: 892493620491 | X14: 卡士酸奶007小奶罐益生菌原味酸奶/0蔗糖酸奶整箱早餐奶营养 | Y14: 口味:5瓶】小奶罐有甜味440g/瓶 | Z14: 5906944027251 | AA14: =J14*L14 -> 49.5 | AB14: =K:K-AA:AA -> 17.78
A15: 46082 | B15: 46084 | C15: 广州大区 | D15: 未知经销商 | E15: 淘宝/天猫 | F15: 广东东莞 | G15: classykiss卡士宫荼专卖店 | H15: https://detail.tmall.com/item.htm?id=891445747790 | I15: 卡士007益生菌家庭装酸奶原味1kg（含港澳版） | J15: 2 | K15: 50.99 | L15: =VLOOKUP(I:I,[1]指导价!$A:$B,2,0) -> 24.9 | M15: =K15/J15 -> 25.495 | N15: 否 | W15: 891445747790 | X15: 卡士酸奶007家庭装低温益生菌原味营养早餐大瓶酸奶 | Y15: 口味:2瓶】卡士有甜味1kg/瓶 | Z15: 5738107708091 | AA15: =J15*L15 -> 49.8 | AB15: =K:K-AA:AA -> 1.19
A16: 46082 | B16: 46084 | C16: 广州大区 | D16: 未知经销商 | E16: 淘宝/天猫 | F16: 广东东莞 | G16: classykiss卡士宫荼专卖店 | H16: https://detail.tmall.com/item.htm?id=928822415674 | I16: 卡士007益生菌酸奶原味440g 单瓶 | J16: 4 | K16: 54.87 | L16: =VLOOKUP(I:I,[1]指导价!$A:$B,2,0) -> 9.9 | M16: =K16/J16 -> 13.7175 | N16: 否 | W16: 928822415674 | X16: 卡士酸奶007小奶罐0添加剂风味发酵乳低温益生菌酸奶 | Y16: 口味:4瓶】小奶罐原味440g/瓶 | Z16: 5812775868743 | AA16: =J16*L16 -> 39.6 | AB16: =K:K-AA:AA -> 15.27
A17: 46082 | B17: 46084 | C17: =VLOOKUP(G17,白名单!C:E,3,0) -> 电商 | D17: =VLOOKUP(G17,白名单!C:F,4,0) -> 电商 | E17: 淘宝/天猫 | F17: 广东深圳 | G17: classykiss卡士旗舰店 | H17: https://item.taobao.com/item.htm?id=636881400574 | I17: 卡士007益生菌家庭装酸奶原味1kg（含港澳版） | J17: 2 | K17: 59.1 | L17: =VLOOKUP(I:I,[1]指导价!$A:$B,2,0) -> 24.9 | M17: =K17/J17 -> 29.55 | N17: 否 | V17: 满79.0减10.0；补贴9.9元；淘金币频道抵扣3%起；商品券 | 满79减10；商品券 | 满118减29 | W17: 636881400574 | X17: 卡士低温酸奶007益生菌家庭装原味低温酸奶营养早餐酸奶1kg/969g | Y17: 原味（红瓶1kg）,2瓶 | Z17: 5493213765168 | AA17: =J17*L17 -> 49.8 | AB17: =K:K-AA:AA -> 9.3
A18: 46082 | B18: 46084 | C18: =VLOOKUP(G18,白名单!C:E,3,0) -> 电商 | D18: =VLOOKUP(G18,白名单!C:F,4,0) -> 电商 | E18: 淘宝/天猫 | F18: 广东深圳 | G18: classykiss卡士旗舰店 | H18: https://detail.tmall.com/item.htm?id=662282297632 | I18: 卡士007无蔗糖益生菌家庭装酸奶原味969g 单瓶 | J18: 2 | K18: 59.1 | L18: =VLOOKUP(I:I,[1]指导价!$A:$B,2,0) -> 24.9 | M18: =K18/J18 -> 29.55 | N18: 否 | V18: 满79.0减10.0；补贴9.9元；淘金币频道抵扣3%起；商品券 | 满79减10；商品券 | 满118减29 | W18: 662282297632 | X18: 卡士007家庭装无蔗糖酸奶969g经典原味1000g早餐低温酸奶益生菌 | Y18: 【蓝瓶】007无蔗糖酸奶969g,2瓶 | Z18: 6037974939197 | AA18: =J18*L18 -> 49.8 | AB18: =K:K-AA:AA -> 9.3
A19: 46082 | B19: 46084 | C19: =VLOOKUP(G19,白名单!C:E,3,0) -> 电商 | D19: =VLOOKUP(G19,白名单!C:F,4,0) -> 电商 | E19: 淘宝/天猫 | F19: 广东深圳 | G19: classykiss卡士旗舰店 | H19: https://detail.tmall.com/item.htm?id=907933179827 | I19: 卡士007AD钙益生菌酸奶-果味-210g | J19: 1 | K19: 20 | L19: =VLOOKUP(I:I,[1]指导价!$A:$B,2,0) -> 8.9 | M19: =K19/J19 -> 20 | N19: 否 | V19: 满120.0减70.0；买6件49.92元；淘金币频道抵扣3%起；2件减0.1元；满50减10，部分用户可领；商品券 | 满120减70 | W19: 907933179827 | X19: 卡士旗舰店•AD钙酸奶合集220g/210g | Y19: 【原味】220g*1瓶 | Z19: 6134796815142 | AA19: =J19*L19 -> 8.9 | AB19: =K:K-AA:AA -> 11.1
A20: 46082 | B20: 46084 | C20: =VLOOKUP(G20,白名单!C:E,3,0) -> 电商 | D20: =VLOOKUP(G20,白名单!C:F,4,0) -> 电商 | E20: 淘宝/天猫 | F20: 广东深圳 | G20: classykiss卡士旗舰店 | H20: https://detail.tmall.com/item.htm?id=996844235656 | I20: 卡士007益生菌酸奶原味440g 单瓶 | J20: 1 | K20: 30 | L20: =VLOOKUP(I:I,[1]指导价!$A:$B,2,0) -> 9.9 | M20: =K20/J20 -> 30 | N20: 否 | V20: 满180.0减120.0；买6件59.88元；2件减0.1元；淘金币频道抵扣2%起；满50减10，部分用户可领；商品券 | 满180减120 | W20: 996844235656 | X20: 卡士益生菌小奶罐低温酸奶440g | Y20: 【原味1瓶】红瓶小奶罐440g | Z20: 6146573515948 | AA20: =J20*L20 -> 9.9 | AB20: =K:K-AA:AA -> 20.1
A21: 46082 | B21: 46084 | C21: =VLOOKUP(G21,白名单!C:E,3,0) -> 电商 | D21: =VLOOKUP(G21,白名单!C:F,4,0) -> 电商 | E21: 淘宝/天猫 | F21: 广东深圳 | G21: classykiss卡士旗舰店 | H21: https://detail.tmall.com/item.htm?id=953767812999 | I21: 卡士吃酸大果粒风味发酵乳系列(黄桃、酸木瓜、粉芭乐）3联 | J21: 1 | K21: 99 | L21: =VLOOKUP(I:I,[1]指导价!$A:$B,2,0) -> 32.9 | M21: =K21/J21 -> 99 | N21: 否 | V21: 2件减0.1元；淘金币频道抵扣1%起 | W21: 953767812999 | X21: 【专享】卡士吃酸系列风味发酵乳大颗果肉低温酸奶140g*3杯 | Y21: 【3杯】酸木瓜双柚芦荟风味140g | Z21: 5871697960252 | AA21: =J21*L21 -> 32.9 | AB21: =K:K-AA:AA -> 66.1
A22: 46082 | B22: 46084 | C22: =VLOOKUP(G22,白名单!C:E,3,0) -> 电商 | D22: =VLOOKUP(G22,白名单!C:F,4,0) -> 电商 | E22: 淘宝/天猫 | F22: 广东深圳 | G22: classykiss卡士旗舰店 | H22: https://detail.tmall.com/item.htm?id=766939146875 | I22: 卡士007益生菌酸奶原味440g 单瓶 | J22: 6 | K22: 75.8 | L22: =VLOOKUP(I:I,[1]指导价!$A:$B,2,0) -> 9.9 | M22: =K22/J22 -> 12.633333 | N22: 否 | V22: 直降24元；淘金币频道抵扣3%起 | W22: 766939146875 | X22: 卡士低温酸奶007益生菌小奶罐6瓶风味发酵乳7种益生菌营养早餐奶 | Y22: 【经典原味】红瓶440g,6瓶 | Z22: 6151351726631 | AA22: =J22*L22 -> 59.4 | AB22: =K:K-AA:AA -> 16.4
A23: 46082 | B23: 46084 | C23: =VLOOKUP(G23,白名单!C:E,3,0) -> 电商 | D23: =VLOOKUP(G23,白名单!C:F,4,0) -> 电商 | E23: 淘宝/天猫 | F23: 广东深圳 | G23: classykiss卡士旗舰店 | H23: https://item.taobao.com/item.htm?id=937352766205 | I23: 卡士吃酸大果粒风味发酵乳系列(黄桃、酸木瓜、粉芭乐）3联 | J23: 2 | K23: 65.8 | L23: =VLOOKUP(I:I,[1]指导价!$A:$B,2,0) -> 32.9 | M23: =K23/J23 -> 32.9 | N23: 否 | V23: 满49.0减11.0；补贴6元；满50减10，部分用户可领；商品券 | 满49减11；商品券 | 满91减14 | W23: 937352766205 | X23: 【新品】卡士吃酸系列大颗果肉风味发酵乳酸木瓜芭乐低温酸奶140g | Y23: 【热卖3+3】酸木瓜味140g*3+粉芭乐味140g*3 | Z23: 5889572797305 | AA23: =J23*L23 -> 65.8 | AB23: =K:K-AA:AA -> 0
A24: 46082 | B24: 46084 | C24: =VLOOKUP(G24,白名单!C:E,3,0) -> 电商 | D24: =VLOOKUP(G24,白名单!C:F,4,0) -> 电商 | E24: 淘宝/天猫 | F24: 广东深圳 | G24: classykiss卡士旗舰店 | H24: https://detail.tmall.com/item.htm?id=721208376511 | I24: 卡士宝贝第二餐儿童酸奶（原味、西梅苹果味无蔗糖、4%蔗糖草莓蓝莓树莓味、4%蔗糖山楂六物味）（单袋85g） 单袋 | J24: 9 | K24: 79.3 | L24: =VLOOKUP(I:I,[1]指导价!$A:$B,2,0) -> 6.6 | M24: =K24/J24 -> 8.8111111 | N24: 否 | V24: 满98.0减7.0；补贴11.9元；淘金币频道抵扣3%起；满50减10，部分用户可领；商品券 | 满98减7；商品券 | 满132减11 | W24: 721208376511 | X24: 卡士低温酸奶宝贝第二餐儿童低温酸奶4%蔗糖草莓蓝莓树莓味 | Y24: 【0%蔗糖】原味,9袋 | Z24: 5297289502408 | AA24: =J24*L24 -> 59.4 | AB24: =K:K-AA:AA -> 19.9
A25: 46082 | B25: 46084 | C25: =VLOOKUP(G25,白名单!C:E,3,0) -> 电商 | D25: =VLOOKUP(G25,白名单!C:F,4,0) -> 电商 | E25: 淘宝/天猫 | F25: 广东深圳 | G25: classykiss卡士旗舰店 | H25: https://detail.tmall.com/item.htm?id=733236245113 | I25: 卡士宝贝第二餐儿童酸奶（原味、西梅苹果味无蔗糖、4%蔗糖草莓蓝莓树莓味、4%蔗糖山楂六物味）（单袋85g） 单袋 | J25: 3 | K25: 99 | L25: =VLOOKUP(I:I,[1]指导价!$A:$B,2,0) -> 6.6 | M25: =K25/J25 -> 33 | N25: 否 | V25: 满297.0减237.0；买3件59.91元；2件减0.1元；淘金币频道抵扣1%起；满50减10，部分用户可领；商品券 | 满297减237 | W25: 733236245113 | X25: 卡士宝贝第二餐0/4%蔗糖低温儿童酸奶 | Y25: 【3袋丨0%蔗糖】原味 | Z25: 5247473183351 | AA25: =J25*L25 -> 19.8 | AB25: =K:K-AA:AA -> 79.2
A26: 46082 | B26: 46084 | C26: =VLOOKUP(G26,白名单!C:E,3,0) -> 广州大区 | D26: =VLOOKUP(G26,白名单!C:F,4,0) -> 广州喜万佳便利店有限公司 | E26: 淘宝/天猫 | F26: 广东广州 | G26: CLASSYKISS乳品企业店 | H26: https://item.taobao.com/item.htm?id=671032744886 | I26: 卡士007无蔗糖益生菌家庭装酸奶原味969g 单瓶 | J26: 1 | K26: 36.24 | L26: =VLOOKUP(I:I,[1]指导价!$A:$B,2,0) -> 24.9 | M26: =K26/J26 -> 36.24 | N26: 否 | W26: 671032744886 | X26: 卡士007益生菌酸奶969g大瓶原味0蔗糖健身孕妇宝宝老人控糖代餐奶 | Y26: 口味:【1瓶】家庭装原味969g | Z26: 5803626059608 | AA26: =J26*L26 -> 24.9 | AB26: =K:K-AA:AA -> 11.34
A27: 46082 | B27: 46084 | C27: 华东大区 | D27: 未知经销商 | E27: 淘宝/天猫 | F27: 江苏苏州 | G27: CLASSYKISS乳品线上店 | H27: https://item.taobao.com/item.htm?id=935092711201 | I27: 卡士007无蔗糖益生菌家庭装酸奶原味969g 单瓶 | J27: 1 | K27: 37.56 | L27: =VLOOKUP(I:I,[1]指导价!$A:$B,2,0) -> 24.9 | M27: =K27/J27 -> 37.56 | N27: 否 | W27: 935092711201 | X27: 顺丰包邮卡士酸奶007大瓶装969g0零蔗糖生牛乳益生菌营养早餐奶 | Y27: 罐数:1瓶;口味:007家庭装零蔗糖969g | Z27: 5993417838469 | AA27: =J27*L27 -> 24.9 | AB27: =K:K-AA:AA -> 12.66
A28: 46082 | B28: 46084 | C28: 华东大区 | D28: 未知经销商 | E28: 淘宝/天猫 | F28: 江苏苏州 | G28: CLASSYKISS乳品线上店 | H28: https://item.taobao.com/item.htm?id=938723296327 | I28: 卡士007无蔗糖益生菌酸奶原味428g 单瓶 | J28: 3 | K28: 47.95 | L28: =VLOOKUP(I:I,[1]指导价!$A:$B,2,0) -> 9.9 | M28: =K28/J28 -> 15.983333 | N28: 否 | W28: 938723296327 | X28: 顺丰包邮卡士007酸奶家庭装零蔗糖益生菌大瓶428g/969g早餐奶学生 | Y28: 口味:007益生菌428g零蔗糖*3瓶 | Z28: 5833124341219 | AA28: =J28*L28 -> 29.7 | AB28: =K:K-AA:AA -> 18.25
A29: 46082 | B29: 46084 | C29: 华东大区 | D29: 未知经销商 | E29: 淘宝/天猫 | F29: 江苏苏州 | G29: CLASSYKISS乳品线上店 | H29: https://item.taobao.com/item.htm?id=937084466981 | I29: 卡士007益生菌酸奶原味440g 单瓶 | J29: 3 | K29: 47.55 | L29: =VLOOKUP(I:I,[1]指导价!$A:$B,2,0) -> 9.9 | M29: =K29/J29 -> 15.85 | N29: 否 | W29: 937084466981 | X29: 顺丰包邮卡士酸奶007风味发酵乳零0蔗糖原味440g早餐奶益生菌428g | Y29: 口味:007益生菌原味440g*3瓶 | Z29: 5830205640942 | AA29: =J29*L29 -> 29.7 | AB29: =K:K-AA:AA -> 17.85
A30: 46082 | B30: 46084 | C30: 华东大区 | D30: 未知经销商 | E30: 淘宝/天猫 | F30: 江苏苏州 | G30: CLASSYKISS乳品线上店 | H30: https://item.taobao.com/item.htm?id=1007375036458 | I30: 卡士007益生菌家庭装酸奶原味1kg（含港澳版） | J30: 2 | K30: 60.51 | L30: =VLOOKUP(I:I,[1]指导价!$A:$B,2,0) -> 24.9 | M30: =K30/J30 -> 30.255 | N30: 否 | W30: 1007375036458 | X30: 顺丰包邮卡士酸奶007益生菌原味风味发酵乳早餐1kg营养儿童奶大瓶 | Y30: 口味:007益生菌家庭装原味1kg*2瓶 | Z30: 6167321723784 | AA30: =J30*L30 -> 49.8 | AB30: =K:K-AA:AA -> 10.71
A31: 46082 | B31: 46084 | C31: 华东大区 | D31: 未知经销商 | E31: 淘宝/天猫 | F31: 江苏苏州 | G31: CLASSYKISS乳品线上店 | H31: https://item.taobao.com/item.htm?id=936580188427 | I31: 卡士007益生菌家庭装酸奶原味1kg（含港澳版） | J31: 1 | K31: 37.53 | L31: =VLOOKUP(I:I,[1]指导价!$A:$B,2,0) -> 24.9 | M31: =K31/J31 -> 37.53 | N31: 否 | W31: 936580188427 | X31: 顺丰包邮卡士007酸奶原味1kg大瓶益生菌健身代餐风味发酵乳家庭装 | Y31: 口味:007益生菌原味1kg;罐数:1瓶 | Z31: 5828280197090 | AA31: =J31*L31 -> 24.9 | AB31: =K:K-AA:AA -> 12.63
A32: 46082 | B32: 46084 | C32: 华东大区 | D32: 未知经销商 | E32: 淘宝/天猫 | F32: 江苏苏州 | G32: CLASSYKISS乳品线上店 | H32: https://item.taobao.com/item.htm?id=976718887462 | I32: 卡士007AD钙益生菌酸奶-果味-210g | J32: 6 | K32: 67.87 | L32: =VLOOKUP(I:I,[1]指导价!$A:$B,2,0) -> 8.9 | M32: =K32/J32 -> 11.311667 | N32: 否 | W32: 976718887462 | X32: 顺丰包邮卡士酸奶007草莓树莓蓝莓黑莓味210gAD钙7种活性益生菌 | Y32: 口味:AD钙草莓树莓蓝莓黑莓风味210g*6瓶 | Z32: 6098019162176 | AA32: =J32*L32 -> 53.4 | AB32: =K:K-AA:AA -> 14.47
A33: 46082 | B33: 46084 | C33: 华东大区 | D33: 未知经销商 | E33: 淘宝/天猫 | F33: 江苏苏州 | G33: CLASSYKISS乳品线上店 | H33: https://item.taobao.com/item.htm?id=937138981403 | I33: 卡士007益生菌酸奶原味440g 单瓶 | J33: 3 | K33: 47.3 | L33: =VLOOKUP(I:I,[1]指导价!$A:$B,2,0) -> 9.9 | M33: =K33/J33 -> 15.766667 | N33: 否 | W33: 937138981403 | X33: 顺丰包邮卡士007酸奶原味440g小奶罐益生菌风味发酵乳早餐奶低温 | Y33: 口味:007益生菌原味440g*3瓶 | Z33: 5995872178068 | AA33: =J33*L33 -> 29.7 | AB33: =K:K-AA:AA -> 17.6
A34: 46082 | B34: 46084 | C34: 华东大区 | D34: 未知经销商 | E34: 淘宝/天猫 | F34: 江苏苏州 | G34: CLASSYKISS乳品线上店 | H34: https://item.taobao.com/item.htm?id=985072411981 | I34: 卡士007小瓶装益生菌酸奶原味 220g | J34: 6 | K34: 68.17 | L34: =VLOOKUP(I:I,[1]指导价!$A:$B,2,0) -> 8.9 | M34: =K34/J34 -> 11.361667 | N34: 否 | W34: 985072411981 | X34: 顺丰包邮卡士007酸奶AD钙益生菌牛油果原味莓果蓝草莓早餐儿童奶 | Y34: 口味:AD钙原味小奶罐220g *6瓶 | Z34: 5949496205471 | AA34: =J34*L34 -> 53.4 | AB34: =K:K-AA:AA -> 14.77
A35: 46082 | B35: 46084 | C35: 华东大区 | D35: 未知经销商 | E35: 淘宝/天猫 | F35: 江苏苏州 | G35: CLASSYKISS乳品线上店 | H35: https://item.taobao.com/item.htm?id=938694055816 | I35: 卡士007小瓶装益生菌酸奶原味 220g | J35: 3 | K35: 43.43 | L35: =VLOOKUP(I:I,[1]指导价!$A:$B,2,0) -> 8.9 | M35: =K35/J35 -> 14.476667 | N35: 否 | W35: 938694055816 | X35: 顺丰包邮低温卡士酸奶007AD钙益生菌原味220g营养早餐奶儿童 | Y35: 口味:AD钙原味220g *3瓶 | Z35: 5836407909919 | AA35: =J35*L35 -> 26.7 | AB35: =K:K-AA:AA -> 16.73
A36: 46082 | B36: 46084 | C36: 华东大区 | D36: 未知经销商 | E36: 淘宝/天猫 | F36: 江苏苏州 | G36: CLASSYKISS乳品线上店 | H36: https://item.taobao.com/item.htm?id=936108075223 | I36: 卡士007无蔗糖益生菌酸奶原味428g 单瓶 | J36: 3 | K36: 47.24 | L36: =VLOOKUP(I:I,[1]指导价!$A:$B,2,0) -> 9.9 | M36: =K36/J36 -> 15.746667 | N36: 否 | W36: 936108075223 | X36: 顺丰包邮卡士007酸奶零无蔗糖428g小奶罐益生菌风味发酵乳早餐奶 | Y36: 口味:007益生菌零蔗糖428g*3瓶 | Z36: 5996981219826 | AA36: =J36*L36 -> 29.7 | AB36: =K:K-AA:AA -> 17.54
A37: 46082 | B37: 46084 | C37: 华东大区 | D37: 未知经销商 | E37: 淘宝/天猫 | F37: 江苏苏州 | G37: CLASSYKISS乳品线上店 | H37: https://item.taobao.com/item.htm?id=996625380805 | I37: 卡士007益生菌酸奶原味440g 单瓶 | J37: 3 | K37: 47.52 | L37: =VLOOKUP(I:I,[1]指导价!$A:$B,2,0) -> 9.9 | M37: =K37/J37 -> 15.84 | N37: 否 | W37: 996625380805 | X37: 顺丰包邮卡士酸奶007益生菌零0蔗糖428g早餐奶原味440g小奶罐969g | Y37: 口味:007益生菌原味440g*3瓶 | Z37: 6140492270811 | AA37: =J37*L37 -> 29.7 | AB37: =K:K-AA:AA -> 17.82
A38: 46082 | B38: 46084 | C38: 华东大区 | D38: 未知经销商 | E38: 淘宝/天猫 | F38: 江苏苏州 | G38: CLASSYKISS乳品线上店 | H38: https://item.taobao.com/item.htm?id=989034544143 | I38: 卡士007小瓶装益生菌酸奶原味 220g | J38: 6 | K38: 68.52 | L38: =VLOOKUP(I:I,[1]指导价!$A:$B,2,0) -> 8.9 | M38: =K38/J38 -> 11.42 | N38: 否 | W38: 989034544143 | X38: 顺丰包邮卡士007酸奶小奶罐AD钙益生菌牛油果原味莓果早餐儿童奶 | Y38: 口味:AD钙原味小奶罐220g *6瓶 | Z38: 6119277219491 | AA38: =J38*L38 -> 53.4 | AB38: =K:K-AA:AA -> 15.12
A39: 46082 | B39: 46084 | C39: 华东大区 | D39: 未知经销商 | E39: 淘宝/天猫 | F39: 江苏苏州 | G39: CLASSYKISS乳品线上店 | H39: https://item.taobao.com/item.htm?id=948127298948 | I39: 卡士007益生菌酸奶原味440g 单瓶 | J39: 3 | K39: 47.64 | L39: =VLOOKUP(I:I,[1]指导价!$A:$B,2,0) -> 9.9 | M39: =K39/J39 -> 15.88 | N39: 否 | W39: 948127298948 | X39: 顺丰包邮卡士酸奶007益生菌零0蔗糖428g早餐奶原味440g小奶罐969g | Y39: 口味:007益生菌原味440g*3瓶 | Z39: 6026027795589 | AA39: =J39*L39 -> 29.7 | AB39: =K:K-AA:AA -> 17.94
A40: 46082 | B40: 46084 | C40: =VLOOKUP(G40,白名单!C:E,3,0) -> 广州大区 | D40: =VLOOKUP(G40,白名单!C:F,4,0) -> 广州喜万佳便利店有限公司 | E40: 淘宝/天猫 | F40: 广东广州 | G40: classykiss乳业企业店 | H40: https://item.taobao.com/item.htm?id=659965095188 | I40: 卡士007无蔗糖益生菌家庭装酸奶原味969g 单瓶 | J40: 1 | K40: 29.8 | L40: =VLOOKUP(I:I,[1]指导价!$A:$B,2,0) -> 24.9 | M40: =K40/J40 -> 29.8 | N40: 否 | V40: 满20.0减6.0；满20减6；淘金币频道抵扣1%起；店铺券 | 满20减6；店铺券 | 满20减6 | W40: 659965095188 | X40: 卡士007无蔗糖969g家庭装原味酸奶益生菌0蔗糖风味发酵乳控糖代餐 | Y40: 【1瓶】家庭装0蔗糖969g | Z40: 5843771142247 | AA40: =J40*L40 -> 24.9 | AB40: =K:K-AA:AA -> 4.9
A41: 46082 | B41: 46084 | C41: =VLOOKUP(G41,白名单!C:E,3,0) -> 广州大区 | D41: =VLOOKUP(G41,白名单!C:F,4,0) -> 广州喜万佳便利店有限公司 | E41: 淘宝/天猫 | F41: 广东广州 | G41: classykiss乳业企业店 | H41: https://item.taobao.com/item.htm?id=681507573859 | I41: 卡士宝贝第二餐儿童酸奶（原味、西梅苹果味无蔗糖、4%蔗糖草莓蓝莓树莓味、4%蔗糖山楂六物味）（单袋85g） 单袋 | J41: 8 | K41: 58.8 | L41: =VLOOKUP(I:I,[1]指导价!$A:$B,2,0) -> 6.6 | M41: =K41/J41 -> 7.35 | N41: 否 | V41: 满20.0减6.0；满20减6；淘金币频道抵扣3%起；店铺券 | 满20减6；店铺券 | 满20减6 | W41: 681507573859 | X41: 卡士酸奶宝贝第二餐85g儿童酸奶原味山楂0添加剂0蔗糖宝宝代餐奶 | Y41: 【8袋】原味85g送2袋如图 | Z41: 5844513186296 | AA41: =J41*L41 -> 52.8 | AB41: =K:K-AA:AA -> 6
A42: 46082 | B42: 46084 | C42: 华东大区 | D42: 未知经销商 | E42: 淘宝/天猫 | F42: 浙江杭州 | G42: d[s505630490] | H42: https://item.taobao.com/item.htm?id=1005647539949 | I42: 卡士007益生菌酸奶原味440g 单瓶 | J42: 6 | K42: 144.72 | L42: =VLOOKUP(I:I,[1]指导价!$A:$B,2,0) -> 9.9 | M42: =K42/J42 -> 24.12 | N42: 否 | W42: 1005647539949 | X42: 卡士低温优格007系列 7种益生菌早餐优格小奶罐风味发酵乳 440克 | Y42: 奶粉种类:6瓶、原味（红瓶） | Z42: 6167736290017 | AA42: =J42*L42 -> 59.4 | AB42: =K:K-AA:AA -> 85.32
A43: 46082 | B43: 46084 | C43: 闽赣大区 | D43: 未知经销商 | E43: 淘宝/天猫 | F43: 江西南昌 | G43: tb0052135211的小店9 | H43: https://item.taobao.com/item.htm?id=997763853538 | I43: 卡士宝贝第二餐儿童酸奶（原味、西梅苹果味无蔗糖、4%蔗糖草莓蓝莓树莓味、4%蔗糖山楂六物味）（单袋85g） 单袋 | J43: 12 | K43: 89.65 | L43: =VLOOKUP(I:I,[1]指导价!$A:$B,2,0) -> 6.6 | M43: =K43/J43 -> 7.4708333 | N43: 否 | W43: 997763853538 | X43: 卡士宝贝第二餐85g*12袋装酸奶无添加剂高钙儿童低温酸牛奶 | Y43: 口味:0%原味*12袋 | Z43: 6145209179655 | AA43: =J43*L43 -> 79.2 | AB43: =K:K-AA:AA -> 10.45
A44: 46082 | B44: 46084 | C44: 鲁豫陕大区 | D44: 未知经销商 | E44: 淘宝/天猫 | F44: 河南新乡 | G44: tb145847512254 | H44: https://item.taobao.com/item.htm?id=1002612365362 | I44: 卡士007无蔗糖益生菌酸奶原味428g 单瓶 | J44: 9 | K44: 154.8 | L44: =VLOOKUP(I:I,[1]指导价!$A:$B,2,0) -> 9.9 | M44: =K44/J44 -> 17.2 | N44: 否 | W44: 1002612365362 | X44: CLASSYKISS/卡士007小奶罐原味440g无蔗糖428g低温酸奶益生菌 | Y44: 口味:有糖(小奶罐原味*9瓶) | Z44: 6167806314514 | AA44: =J44*L44 -> 89.1 | AB44: =K:K-AA:AA -> 65.7
A45: 46082 | B45: 46084 | C45: 华东大区 | D45: 未知经销商 | E45: 淘宝/天猫 | F45: 浙江杭州 | G45: tb24567834578623 | H45: https://item.taobao.com/item.htm?id=1004032503053 | I45: 卡士007无蔗糖益生菌酸奶原味428g 单瓶 | J45: 3 | K45: 72.14 | L45: =VLOOKUP(I:I,[1]指导价!$A:$B,2,0) -> 9.9 | M45: =K45/J45 -> 24.046667 | N45: 否 | W45: 1004032503053 | X45: 顺丰包邮卡士007酸奶无蔗糖428g小奶罐零0蔗糖益生菌儿童早餐奶 | Y45: 颜色分类:007益生菌428g零蔗糖*3瓶 | Z45: 6163712846133 | AA45: =J45*L45 -> 29.7 | AB45: =K:K-AA:AA -> 42.44
A46: 46082 | B46: 46084 | C46: 华东大区 | D46: 未知经销商 | E46: 淘宝/天猫 | F46: 浙江杭州 | G46: tb25682305867 | H46: https://item.taobao.com/item.htm?id=1007456848711 | I46: 卡士007益生菌家庭装酸奶原味1kg（含港澳版） | J46: 1 | K46: 76.75 | L46: =VLOOKUP(I:I,[1]指导价!$A:$B,2,0) -> 24.9 | M46: =K46/J46 -> 76.75 | N46: 否 | W46: 1007456848711 | X46: 卡士低温酸奶007益生菌家庭装1kg*3瓶非脱脂早餐原味酸奶整箱装 | Y46: 颜色分类:1瓶、007原味酸奶（红瓶1kg） | Z46: 6001241912622 | AA46: =J46*L46 -> 24.9 | AB46: =K:K-AA:AA -> 51.85
A47: 46082 | B47: 46084 | C47: 华东大区 | D47: 未知经销商 | E47: 淘宝/天猫 | F47: 浙江杭州 | G47: tb25682365892 | H47: https://item.taobao.com/item.htm?id=998512735466 | I47: 卡士宝贝第二餐儿童酸奶（原味、西梅苹果味无蔗糖、4%蔗糖草莓蓝莓树莓味、4%蔗糖山楂六物味）（单袋85g） 单袋 | J47: 4 | K47: 53.76 | L47: =VLOOKUP(I:I,[1]指导价!$A:$B,2,0) -> 6.6 | M47: =K47/J47 -> 13.44 | N47: 否 | W47: 998512735466 | X47: 卡士宝贝第二餐酸奶原味85g*10袋0蔗糖儿童高钙酸奶无添加酸奶 | Y47: 颜色分类:4袋、原味85g/袋 | Z47: 6149933810869 | AA47: =J47*L47 -> 26.4 | AB47: =K:K-AA:AA -> 27.36
A48: 46082 | B48: 46084 | C48: 华东大区 | D48: 未知经销商 | E48: 淘宝/天猫 | F48: 浙江杭州 | G48: tb25871856230 | H48: https://item.taobao.com/item.htm?id=1007017317235 | I48: 卡士007无蔗糖益生菌家庭装酸奶原味969g 单瓶 | J48: 2 | K48: 155.97 | L48: =VLOOKUP(I:I,[1]指导价!$A:$B,2,0) -> 24.9 | M48: =K48/J48 -> 77.985 | N48: 否 | W48: 1007017317235 | X48: 卡士低温酸奶007家庭装原味969g*2瓶乳酸菌低温早餐酸奶7种益生菌 | Y48: 奶粉种类:2瓶、原味 | Z48: 6001943048778 | AA48: =J48*L48 -> 49.8 | AB48: =K:K-AA:AA -> 106.17
A49: 46082 | B49: 46084 | C49: 华东大区 | D49: 未知经销商 | E49: 淘宝/天猫 | F49: 浙江杭州 | G49: tb36524830112 | H49: https://item.taobao.com/item.htm?id=1001545499521 | I49: 卡士007无蔗糖益生菌家庭装酸奶原味969g 单瓶 | J49: 2 | K49: 95.53 | L49: =VLOOKUP(I:I,[1]指导价!$A:$B,2,0) -> 24.9 | M49: =K49/J49 -> 47.765 | N49: 否 | W49: 1001545499521 | X49: 顺丰包邮卡士007益生菌酸奶969g大瓶酸牛奶0蔗糖健身宝宝控糖代餐 | Y49: 颜色分类:007家庭装零蔗糖969g*2瓶 | Z49: 6157636626030 | AA49: =J49*L49 -> 49.8 | AB49: =K:K-AA:AA -> 45.73
A50: 46082 | B50: 46084 | C50: 华东大区 | D50: 未知经销商 | E50: 淘宝/天猫 | F50: 浙江杭州 | G50: tb43582178252 | H50: https://item.taobao.com/item.htm?id=1007448944160 | I50: 卡士007益生菌酸奶原味440g 单瓶 | J50: 5 | K50: 105.29 | L50: =VLOOKUP(I:I,[1]指导价!$A:$B,2,0) -> 9.9 | M50: =K50/J50 -> 21.058 | N50: 否 | W50: 1007448944160 | X50: 卡士酸奶007益生菌风味发酵乳零0蔗糖428g早餐奶原味440g小奶罐 | Y50: 颜色分类:007益生菌原味440g*5瓶 | Z50: 6001224872250 | AA50: =J50*L50 -> 49.5 | AB50: =K:K-AA:AA -> 55.79
A51: 46082 | B51: 46084 | C51: 华东大区 | D51: 未知经销商 | E51: 淘宝/天猫 | F51: 浙江杭州 | G51: tb43756878865 | H51: https://item.taobao.com/item.htm?id=1006839817824 | I51: 卡士宝贝第二餐儿童酸奶（原味、西梅苹果味无蔗糖、4%蔗糖草莓蓝莓树莓味、4%蔗糖山楂六物味）（单袋85g） 单袋 | J51: 6 | K51: 95.37 | L51: =VLOOKUP(I:I,[1]指导价!$A:$B,2,0) -> 6.6 | M51: =K51/J51 -> 15.895 | N51: 否 | W51: 1006839817824 | X51: 卡士酸奶宝贝第二餐85g*6袋原味0蔗糖宝宝低温酸奶 | Y51: 默认 | AA51: =J51*L51 -> 39.6 | AB51: =K:K-AA:AA -> 55.77
A52: 46082 | B52: 46084 | C52: 华东大区 | D52: 未知经销商 | E52: 淘宝/天猫 | F52: 浙江杭州 | G52: tb5682356832 | H52: https://item.taobao.com/item.htm?id=1000478825614 | I52: 卡士宝贝第二餐儿童酸奶（原味、西梅苹果味无蔗糖、4%蔗糖草莓蓝莓树莓味、4%蔗糖山楂六物味）（单袋85g） 单袋 | J52: 4 | K52: 52.73 | L52: =VLOOKUP(I:I,[1]指导价!$A:$B,2,0) -> 6.6 | M52: =K52/J52 -> 13.1825 | N52: 否 | W52: 1000478825614 | X52: 顺丰包邮卡士酸奶宝贝第二餐85g*10袋0蔗糖儿童发酵乳酸奶无添加 | Y52: 颜色分类:4袋、原味85g/袋 | Z52: 6152059647788 | AA52: =J52*L52 -> 26.4 | AB52: =K:K-AA:AA -> 26.33
A53: 46082 | B53: 46084 | C53: 华东大区 | D53: 未知经销商 | E53: 淘宝/天猫 | F53: 浙江杭州 | G53: tb5936509198 | H53: https://item.taobao.com/item.htm?id=1004422117910 | I53: 卡士007益生菌酸奶原味440g 单瓶 | J53: 6 | K53: 143.68 | L53: =VLOOKUP(I:I,[1]指导价!$A:$B,2,0) -> 9.9 | M53: =K53/J53 -> 23.946667 | N53: 否 | W53: 1004422117910 | X53: 卡士低温优格007系列 7种益生菌早餐优格小奶罐风味发酵乳 440克 | Y53: 颜色分类:6瓶、原味（红瓶） | Z53: 5995509596260 | AA53: =J53*L53 -> 59.4 | AB53: =K:K-AA:AA -> 84.28
A54: 46082 | B54: 46084 | C54: 华东大区 | D54: 未知经销商 | E54: 淘宝/天猫 | F54: 浙江杭州 | G54: tb661129743545 | H54: https://item.taobao.com/item.htm?id=991640057974 | I54: 卡士007益生菌酸奶原味440g 单瓶 | J54: 2 | K54: 40.32 | L54: =VLOOKUP(I:I,[1]指导价!$A:$B,2,0) -> 9.9 | M54: =K54/J54 -> 20.16 | N54: 否 | W54: 991640057974 | X54: 卡士007*440g0添加/0蔗糖可选原味七种益生菌低温冷藏家庭装年货 | Y54: 口味:2瓶、原味 | Z54: 6127626586333 | AA54: =J54*L54 -> 19.8 | AB54: =K:K-AA:AA -> 20.52
A55: 46082 | B55: 46084 | C55: 华东大区 | D55: 未知经销商 | E55: 淘宝/天猫 | F55: 浙江杭州 | G55: tb6690922355 | H55: https://item.taobao.com/item.htm?id=1005972650750 | I55: 卡士宝贝第二餐儿童酸奶（原味、西梅苹果味无蔗糖、4%蔗糖草莓蓝莓树莓味、4%蔗糖山楂六物味）（单袋85g） 单袋 | J55: 6 | K55: 58.5 | L55: =VLOOKUP(I:I,[1]指导价!$A:$B,2,0) -> 6.6 | M55: =K55/J55 -> 9.75 | N55: 否 | W55: 1005972650750 | X55: 卡士酸奶宝贝第二餐宝宝儿童酸奶【顺丰发货】低温0蔗糖无蔗糖 | Y55: 颜色分类:原味（0蔗糖）6袋 | Z55: 6002521209197 | AA55: =J55*L55 -> 39.6 | AB55: =K:K-AA:AA -> 18.9
A56: 46082 | B56: 46084 | C56: 华东大区 | D56: 未知经销商 | E56: 淘宝/天猫 | F56: 浙江杭州 | G56: tb7516368579 | H56: https://item.taobao.com/item.htm?id=964591389098 | I56: 卡士宝贝第二餐儿童酸奶（原味、西梅苹果味无蔗糖、4%蔗糖草莓蓝莓树莓味、4%蔗糖山楂六物味）（单袋85g） 单袋 | J56: 6 | K56: 89.38 | L56: =VLOOKUP(I:I,[1]指导价!$A:$B,2,0) -> 6.6 | M56: =K56/J56 -> 14.896667 | N56: 否 | W56: 964591389098 | X56: 卡士酸奶宝贝第二餐85g单袋4%蔗糖草莓蓝莓树莓味宝宝儿童酸奶 | Y56: 口味:6件、草莓蓝莓树莓味 | Z56: 6070644431010 | AA56: =J56*L56 -> 39.6 | AB56: =K:K-AA:AA -> 49.78
A57: 46082 | B57: 46084 | C57: 华东大区 | D57: 未知经销商 | E57: 淘宝/天猫 | F57: 浙江杭州 | G57: tb7651985782 | H57: https://item.taobao.com/item.htm?id=1000123698916 | I57: 卡士宝贝第二餐儿童酸奶（原味、西梅苹果味无蔗糖、4%蔗糖草莓蓝莓树莓味、4%蔗糖山楂六物味）（单袋85g） 单袋 | J57: 11 | K57: 143.71 | L57: =VLOOKUP(I:I,[1]指导价!$A:$B,2,0) -> 6.6 | M57: =K57/J57 -> 13.064545 | N57: 否 | W57: 1000123698916 | X57: 【专享】卡士低温儿童酸奶宝贝第二餐原味0蔗糖益生菌酸奶85g袋装 | Y57: 奶粉种类:【0%蔗糖丨干净配方】原味*11袋 | Z57: 5986559896697 | AA57: =J57*L57 -> 72.6 | AB57: =K:K-AA:AA -> 71.11
A58: 46082 | B58: 46084 | C58: 华东大区 | D58: 未知经销商 | E58: 淘宝/天猫 | F58: 浙江杭州 | G58: tb7651987222 | H58: https://item.taobao.com/item.htm?id=997799310307 | I58: 卡士宝贝第二餐儿童酸奶（原味、西梅苹果味无蔗糖、4%蔗糖草莓蓝莓树莓味、4%蔗糖山楂六物味）（单袋85g） 单袋 | J58: 12 | K58: 852.96 | L58: =VLOOKUP(I:I,[1]指导价!$A:$B,2,0) -> 6.6 | M58: =K58/J58 -> 71.08 | N58: 否 | W58: 997799310307 | X58: 【双11专属奶卡】卡士低温酸奶宝贝第二餐*12袋/张*6张 | Y58: 颜色分类:【6张】宝贝第二餐*12袋/张 | Z58: 5982043725810 | AA58: =J58*L58 -> 79.2 | AB58: =K:K-AA:AA -> 773.76
A59: 46082 | B59: 46084 | C59: 华东大区 | D59: 未知经销商 | E59: 淘宝/天猫 | F59: 浙江杭州 | G59: tb8738585859 | H59: https://item.taobao.com/item.htm?id=999568710798 | I59: 卡士宝贝第二餐儿童酸奶（原味、西梅苹果味无蔗糖、4%蔗糖草莓蓝莓树莓味、4%蔗糖山楂六物味）（单袋85g） 单袋 | J59: 6 | K59: 63.57 | L59: =VLOOKUP(I:I,[1]指导价!$A:$B,2,0) -> 6.6 | M59: =K59/J59 -> 10.595 | N59: 否 | W59: 999568710798 | X59: 卡士宝贝第二餐低温儿童酸奶0添加无蔗糖原味宝宝酸奶高钙营养 | Y59: 奶粉种类:宝贝第二餐原味*6袋 | Z59: 6151720775403 | AA59: =J59*L59 -> 39.6 | AB59: =K:K-AA:AA -> 23.97
A60: 46082 | B60: 46084 | C60: 华东大区 | D60: 未知经销商 | E60: 淘宝/天猫 | F60: 浙江杭州 | G60: tb9143721011 | H60: https://item.taobao.com/item.htm?id=1006509432945 | I60: 卡士宝贝第二餐儿童酸奶（原味、西梅苹果味无蔗糖、4%蔗糖草莓蓝莓树莓味、4%蔗糖山楂六物味）（单袋85g） 单袋 | J60: 12 | K60: 168.02 | L60: =VLOOKUP(I:I,[1]指导价!$A:$B,2,0) -> 6.6 | M60: =K60/J60 -> 14.001667 | N60: 否 | W60: 1006509432945 | X60: 卡士宝贝第二餐酸奶85g生牛乳山楂西梅原味酸牛奶0添加剂宝宝代餐 | Y60: 奶粉种类:原味85g×12袋 | Z60: 6165246531459 | AA60: =J60*L60 -> 79.2 | AB60: =K:K-AA:AA -> 88.82
A61: 46082 | B61: 46084 | C61: 鲁豫陕大区 | D61: 未知经销商 | E61: 淘宝/天猫 | F61: 河南焦作 | G61: tb9487578511 | H61: https://item.taobao.com/item.htm?id=983653022083 | I61: 卡士宝贝第二餐儿童酸奶（原味、西梅苹果味无蔗糖、4%蔗糖草莓蓝莓树莓味、4%蔗糖山楂六物味）（单袋85g） 单袋 | J61: 12 | K61: 119.48 | L61: =VLOOKUP(I:I,[1]指导价!$A:$B,2,0) -> 6.6 | M61: =K61/J61 -> 9.9566667 | N61: 否 | V61: 满99.0减4.0；满20减1；店铺券 | 满99减4；店铺券 | 满50减3；店铺券 | 满20减1 | W61: 983653022083 | X61: 直播间卡士宝贝第二餐儿童新鲜优质酸奶吸收营养低温酸奶 | Y61: 原味12袋（0蔗糖） | Z61: 6148830419071 | AA61: =J61*L61 -> 79.2 | AB61: =K:K-AA:AA -> 40.28
A62: 46082 | B62: 46084 | C62: 鲁豫陕大区 | D62: 未知经销商 | E62: 淘宝/天猫 | F62: 河南焦作 | G62: tb9487578530 | H62: https://item.taobao.com/item.htm?id=985090712398 | I62: 卡士宝贝第二餐儿童酸奶（原味、西梅苹果味无蔗糖、4%蔗糖草莓蓝莓树莓味、4%蔗糖山楂六物味）（单袋85g） 单袋 | J62: 12 | K62: 119.48 | L62: =VLOOKUP(I:I,[1]指导价!$A:$B,2,0) -> 6.6 | M62: =K62/J62 -> 9.9566667 | N62: 否 | V62: 满99.0减4.0；满50减3；店铺券 | 满99减4；店铺券 | 满20减1；店铺券 | 满50减3 | W62: 985090712398 | X62: 直播间 卡士宝贝第二餐儿童新鲜优质酸奶吸收营养低温酸奶 | Y62: 原味12袋（0蔗糖） | Z62: 5982765224731 | AA62: =J62*L62 -> 79.2 | AB62: =K:K-AA:AA -> 40.28
A63: 46082 | B63: 46084 | C63: 华东大区 | D63: 未知经销商 | E63: 淘宝/天猫 | F63: 江苏徐州 | G63: tbb9768015 | H63: https://item.taobao.com/item.htm?id=1007318849120 | I63: 卡士宝贝第二餐儿童酸奶（原味、西梅苹果味无蔗糖、4%蔗糖草莓蓝莓树莓味、4%蔗糖山楂六物味）（单袋85g） 单袋 | J63: 12 | K63: 116.7 | L63: =VLOOKUP(I:I,[1]指导价!$A:$B,2,0) -> 6.6 | M63: =K63/J63 -> 9.725 | N63: 否 | W63: 1007318849120 | X63: 【孩子喝选我】卡士宝贝第二餐儿童新鲜优质酸奶吸收营养低温酸奶 | Y63: 口味:原味12袋（0蔗糖） | Z63: 6003692017588 | AA63: =J63*L63 -> 79.2 | AB63: =K:K-AA:AA -> 37.5
A64: 46082 | B64: 46084 | C64: 鲁豫陕大区 | D64: 未知经销商 | E64: 淘宝/天猫 | F64: 山东济南 | G64: tbb9768017 | H64: https://item.taobao.com/item.htm?id=1005853475608 | I64: 卡士宝贝第二餐儿童酸奶（原味、西梅苹果味无蔗糖、4%蔗糖草莓蓝莓树莓味、4%蔗糖山楂六物味）（单袋85g） 单袋 | J64: 12 | K64: 117.79 | L64: =VLOOKUP(I:I,[1]指导价!$A:$B,2,0) -> 6.6 | M64: =K64/J64 -> 9.8158333 | N64: 否 | W64: 1005853475608 | X64: 【孩子喝选我】卡士宝贝第二餐儿童新鲜优质酸奶吸收营养低温酸奶 | Y64: 口味:原味12袋（0蔗糖） | Z64: 6168169446331 | AA64: =J64*L64 -> 79.2 | AB64: =K:K-AA:AA -> 38.59
A65: 46082 | B65: 46084 | C65: 华东大区 | D65: 未知经销商 | E65: 淘宝/天猫 | F65: 江苏南京 | G65: tbb9768022 | H65: https://item.taobao.com/item.htm?id=1005501883412 | I65: 卡士007无蔗糖益生菌酸奶原味428g 单瓶 | J65: 9 | K65: 186.28 | L65: =VLOOKUP(I:I,[1]指导价!$A:$B,2,0) -> 9.9 | M65: =K65/J65 -> 20.697778 | N65: 否 | W65: 1005501883412 | X65: CLASSYKISS/卡士007小奶罐原味440g无蔗糖428g低温酸奶益生菌 | Y65: 口味:有糖(小奶罐原味*9瓶) | Z65: 6167358966242 | AA65: =J65*L65 -> 89.1 | AB65: =K:K-AA:AA -> 97.18
A66: 46082 | B66: 46084 | C66: 华东大区 | D66: 未知经销商 | E66: 淘宝/天猫 | F66: 安徽芜湖 | G66: 阿萨想德1的小店41 | H66: https://item.taobao.com/item.htm?id=1003845595501 | I66: 卡士宝贝第二餐儿童酸奶（原味、西梅苹果味无蔗糖、4%蔗糖草莓蓝莓树莓味、4%蔗糖山楂六物味）（单袋85g） 单袋 | J66: 9 | K66: 60.96 | L66: =VLOOKUP(I:I,[1]指导价!$A:$B,2,0) -> 6.6 | M66: =K66/J66 -> 6.7733333 | N66: 否 | W66: 1003845595501 | X66: 卡士宝贝第二餐宝宝酸奶山楂鸡内金西梅苹果草莓原味低温儿童酸奶 | Y66: 口味:混合口味85g*9袋【店长推荐】 | Z66: 6003863937508 | AA66: =J66*L66 -> 59.4 | AB66: =K:K-AA:AA -> 1.56
A67: 46082 | B67: 46084 | C67: 华东大区 | D67: 未知经销商 | E67: 淘宝/天猫 | F67: 安徽芜湖 | G67: 阿萨想德1的小店41 | H67: https://item.taobao.com/item.htm?id=1001629987964 | I67: 卡士007益生菌家庭装酸奶原味1kg（含港澳版） | J67: 4 | K67: 116.76 | L67: =VLOOKUP(I:I,[1]指导价!$A:$B,2,0) -> 24.9 | M67: =K67/J67 -> 29.19 | N67: 否 | W67: 1001629987964 | X67: 顺丰包邮卡士酸奶007低温风味发酵乳0蔗糖969g家庭装益生菌酸牛奶 | Y67: 食品口味:卡士007原味酸奶1kg*4瓶 | Z67: 6002977401561 | AA67: =J67*L67 -> 99.6 | AB67: =K:K-AA:AA -> 17.16
A68: 46082 | B68: 46084 | C68: =VLOOKUP(G68,白名单!C:E,3,0) -> 上海大区 | D68: 上海艾依贝实业有限公司 | E68: 淘宝/天猫 | F68: 上海 | G68: 艾依贝食品专营店 | H68: https://detail.tmall.com/item.htm?id=974822321884 | I68: 卡士007益生菌酸奶原味440g 单瓶 | J68: 4 | K68: 42.28 | L68: =VLOOKUP(I:I,[1]指导价!$A:$B,2,0) -> 9.9 | M68: =K68/J68 -> 10.57 | N68: 否 | W68: 974822321884 | X68: 卡士低温酸奶007益生菌家庭装原味低温酸奶营养早餐酸奶440g*4瓶 | Y68: 口味:原味（红瓶440g）*4瓶 | Z68: 6093506687424 | AA68: =J68*L68 -> 39.6 | AB68: =K:K-AA:AA -> 2.68
A69: 46082 | B69: 46084 | C69: 华北大区 | D69: 未知经销商 | E69: 淘宝/天猫 | F69: 北京 | G69: 巴友食品二店的小店44 | H69: https://item.taobao.com/item.htm?id=1005975979334 | I69: 卡士宝贝第二餐儿童酸奶（原味、西梅苹果味无蔗糖、4%蔗糖草莓蓝莓树莓味、4%蔗糖山楂六物味）（单袋85g） 单袋 | J69: 12 | K69: 107.74 | L69: =VLOOKUP(I:I,[1]指导价!$A:$B,2,0) -> 6.6 | M69: =K69/J69 -> 8.9783333 | N69: 否 | W69: 1005975979334 | X69: 【孩子喝选我】卡士宝贝第二餐儿童新鲜优质酸奶吸收营养低温酸奶 | Y69: 口味:原味12袋（0蔗糖） | Z69: 6003897393683 | AA69: =J69*L69 -> 79.2 | AB69: =K:K-AA:AA -> 28.54
A70: 46082 | B70: 46084 | C70: 华北大区 | D70: 未知经销商 | E70: 淘宝/天猫 | F70: 北京 | G70: 巴友食品二店的小店44 | H70: https://item.taobao.com/item.htm?id=1007009585183 | I70: 卡士007益生菌家庭装酸奶原味1kg（含港澳版） | J70: 2 | K70: 61.45 | L70: =VLOOKUP(I:I,[1]指导价!$A:$B,2,0) -> 24.9 | M70: =K70/J70 -> 30.725 | N70: 否 | W70: 1007009585183 | X70: 【酸奶大桶装】卡士酸奶007家用营养牛奶早餐7种益生菌低温乳 | Y70: 口味:卡士007酸奶原味1kg*2瓶 | Z70: 6003027389376 | AA70: =J70*L70 -> 49.8 | AB70: =K:K-AA:AA -> 11.65
A71: 46082 | B71: 46084 | C71: 华北大区 | D71: 未知经销商 | E71: 淘宝/天猫 | F71: 北京 | G71: 巴友食品一店的小店66 | H71: https://item.taobao.com/item.htm?id=1005318951708 | I71: 卡士宝贝第二餐儿童酸奶（原味、西梅苹果味无蔗糖、4%蔗糖草莓蓝莓树莓味、4%蔗糖山楂六物味）（单袋85g） 单袋 | J71: 12 | K71: 108.85 | L71: =VLOOKUP(I:I,[1]指导价!$A:$B,2,0) -> 6.6 | M71: =K71/J71 -> 9.0708333 | N71: 否 | W71: 1005318951708 | X71: 【孩子喝选我】卡士宝贝第二餐儿童新鲜优质酸奶吸收营养低温酸奶 | Y71: 口味:原味12袋（0蔗糖） | Z71: 6166974402339 | AA71: =J71*L71 -> 79.2 | AB71: =K:K-AA:AA -> 29.65
A72: 46082 | B72: 46084 | C72: 华东大区 | D72: 未知经销商 | E72: 淘宝/天猫 | F72: 浙江杭州 | G72: 百亿补贴官方精选 | H72: https://detail.tmall.com/item.htm?id=990859654732 | I72: 卡士007益生菌酸奶原味440g 单瓶 | J72: 4 | K72: 80.29 | L72: =VLOOKUP(I:I,[1]指导价!$A:$B,2,0) -> 9.9 | M72: =K72/J72 -> 20.0725 | N72: 否 | W72: 990859654732 | X72: 【顺丰包邮】卡士007小奶罐440g原味酸奶0蔗糖酸奶益生菌低温酸奶 | Y72: 口味:原味440g/瓶;罐数:4瓶 | Z72: 6127999511642 | AA72: =J72*L72 -> 39.6 | AB72: =K:K-AA:AA -> 40.69
A73: 46082 | B73: 46084 | C73: =VLOOKUP(G73,白名单!C:E,3,0) -> 华中大区 | D73: =VLOOKUP(G73,白名单!C:F,4,0) -> 武汉源乳汇商贸有限公司 | E73: 淘宝/天猫 | F73: 四川成都 | G73: 源乳汇食品专营店 | H73: https://detail.tmall.com/item.htm?id=887506717387 | I73: 卡士007益生菌酸奶原味440g 单瓶 | J73: 4 | K73: 41.3 | L73: =VLOOKUP(I:I,[1]指导价!$A:$B,2,0) -> 9.9 | M73: =K73/J73 -> 10.325 | N73: 否 | V73: 补贴10元 | W73: 887506717387 | X73: 卡士酸奶007小奶罐440g*6瓶0蔗糖学生儿童营养酸牛奶原味发酵乳 | Y73: 原味440g,4瓶 | Z73: 5732123193512 | AA73: =J73*L73 -> 39.6 | AB73: =K:K-AA:AA -> 1.7
A74: 46082 | B74: 46084 | C74: =VLOOKUP(G74,白名单!C:E,3,0) -> 广州大区 | D74: =VLOOKUP(G74,白名单!C:F,4,0) -> 广州喜万佳便利店有限公司 | E74: 淘宝/天猫 | F74: 广东广州 | G74: 柏赞食品臻选店 | H74: https://item.taobao.com/item.htm?id=676081010520 | I74: 卡士宝贝第二餐儿童酸奶（原味、西梅苹果味无蔗糖、4%蔗糖草莓蓝莓树莓味、4%蔗糖山楂六物味）（单袋85g） 单袋 | J74: 8 | K74: 66.06 | L74: =VLOOKUP(I:I,[1]指导价!$A:$B,2,0) -> 6.6 | M74: =K74/J74 -> 8.2575 | N74: 否 | W74: 676081010520 | X74: 卡士酸奶宝贝第二餐85g原味山楂西梅草莓儿童酸奶高钙无蔗糖代餐 | Y74: 口味:【8袋】原味85g送2袋如图 | Z74: 5680804730974 | AA74: =J74*L74 -> 52.8 | AB74: =K:K-AA:AA -> 13.26
A75: 46082 | B75: 46084 | C75: =VLOOKUP(G75,白名单!C:E,3,0) -> 广州大区 | D75: =VLOOKUP(G75,白名单!C:F,4,0) -> 广州喜万佳便利店有限公司 | E75: 淘宝/天猫 | F75: 广东广州 | G75: 柏赞食品臻选店 | H75: https://item.taobao.com/item.htm?id=659197525457 | I75: 卡士007无蔗糖益生菌家庭装酸奶原味969g 单瓶 | J75: 2 | K75: 49.8 | L75: =VLOOKUP(I:I,[1]指导价!$A:$B,2,0) -> 24.9 | M75: =K75/J75 -> 24.9 | N75: 否 | W75: 659197525457 | X75: 卡士酸奶007无蔗糖969g家庭装益生菌原味发酵乳0蔗糖早餐奶大瓶装 | Y75: 口味:【1瓶】家庭装0蔗糖969g | Z75: 5528426655305 | AA75: =J75*L75 -> 49.8 | AB75: =K:K-AA:AA -> 0
A76: 46082 | B76: 46084 | C76: 无法判定大区 | D76: 未知经销商 | E76: 淘宝/天猫 | F76: #N/A | G76: 拌颜齐旗舰店 | H76: https://detail.tmall.com/item.htm?id=999071747291 | I76: 卡士吃酸大果粒风味发酵乳系列(黄桃、酸木瓜、粉芭乐）3联 | J76: 1 | K76: 38.37 | L76: =VLOOKUP(I:I,[1]指导价!$A:$B,2,0) -> 32.9 | M76: =K76/J76 -> 38.37 | N76: 否 | W76: 999071747291 | X76: 卡士吃酸系列酸奶芭乐大果粒柠檬黄桃双柚木瓜风味发酵乳下午茶 | Y76: 商品规格:粉芭乐柠檬水蜜桃风味140g*3杯 | Z76: 6152033643308 | AA76: =J76*L76 -> 32.9 | AB76: =K:K-AA:AA -> 5.47
A77: 46082 | B77: 46084 | C77: 鲁豫陕大区 | D77: 未知经销商 | E77: 淘宝/天猫 | F77: 河南郑州 | G77: 宝达专业店 | H77: https://item.taobao.com/item.htm?id=1006474690030 | I77: 卡士宝贝第二餐儿童酸奶（原味、西梅苹果味无蔗糖、4%蔗糖草莓蓝莓树莓味、4%蔗糖山楂六物味）（单袋85g） 单袋 | J77: 12 | K77: 118.2 | L77: =VLOOKUP(I:I,[1]指导价!$A:$B,2,0) -> 6.6 | M77: =K77/J77 -> 9.85 | N77: 否 | W77: 1006474690030 | X77: 【孩子喝选我】卡士宝贝第二餐儿童新鲜优质酸奶吸收营养低温酸奶 | Y77: 口味:原味12袋（0蔗糖） | Z77: 6168842011745 | AA77: =J77*L77 -> 79.2 | AB77: =K:K-AA:AA -> 39
A78: 46082 | B78: 46084 | C78: 华中大区 | D78: 未知经销商 | E78: 淘宝/天猫 | F78: 湖北武汉 | G78: 堡兰森林默资专卖店 | H78: https://detail.tmall.com/item.htm?id=999397754146 | I78: 卡士宝贝第二餐儿童酸奶（原味、西梅苹果味无蔗糖、4%蔗糖草莓蓝莓树莓味、4%蔗糖山楂六物味）（单袋85g） 单袋 | J78: 6 | K78: 87.04 | L78: =VLOOKUP(I:I,[1]指导价!$A:$B,2,0) -> 6.6 | M78: =K78/J78 -> 14.506667 | N78: 否 | W78: 999397754146 | X78: 卡士酸奶宝贝第二餐85g*6/9/12/15袋0蔗糖原生高钙儿童酸奶整箱装 | Y78: 口味:原味85g/袋;罐数:6袋 | Z78: 5984905604428 | AA78: =J78*L78 -> 39.6 | AB78: =K:K-AA:AA -> 47.44
A79: 46082 | B79: 46084 | C79: 华中大区 | D79: 未知经销商 | E79: 淘宝/天猫 | F79: 湖北武汉 | G79: 堡兰森林纳傲专卖店 | H79: https://detail.tmall.com/item.htm?id=992979685677 | I79: 卡士宝贝第二餐儿童酸奶（原味、西梅苹果味无蔗糖、4%蔗糖草莓蓝莓树莓味、4%蔗糖山楂六物味）（单袋85g） 单袋 | J79: 10 | K79: 136.42 | L79: =VLOOKUP(I:I,[1]指导价!$A:$B,2,0) -> 6.6 | M79: =K79/J79 -> 13.642 | N79: 否 | W79: 992979685677 | X79: 卡士宝贝第二餐0蔗糖酸奶85g*10袋装高钙儿童酸牛奶整箱装 | Y79: 口味:原味85g/袋(0%蔗糖);瓶数:10袋 | Z79: 5966629357749 | AA79: =J79*L79 -> 66 | AB79: =K:K-AA:AA -> 70.42
A80: 46082 | B80: 46084 | C80: 华中大区 | D80: 未知经销商 | E80: 淘宝/天猫 | F80: 湖北武汉 | G80: 堡兰森林潘迪专卖店 | H80: https://detail.tmall.com/item.htm?id=998369815256 | I80: 卡士宝贝第二餐儿童酸奶（原味、西梅苹果味无蔗糖、4%蔗糖草莓蓝莓树莓味、4%蔗糖山楂六物味）（单袋85g） 单袋 | J80: 6 | K80: 87.85 | L80: =VLOOKUP(I:I,[1]指导价!$A:$B,2,0) -> 6.6 | M80: =K80/J80 -> 14.641667 | N80: 否 | W80: 998369815256 | X80: 卡士酸奶宝贝第二餐85g*6/9/12/15袋0蔗糖原生高钙儿童酸奶整箱装 | Y80: 口味:原味85g/袋;罐数:6袋 | Z80: 6149584166074 | AA80: =J80*L80 -> 39.6 | AB80: =K:K-AA:AA -> 48.25
A81: 46082 | B81: 46084 | C81: 华中大区 | D81: 未知经销商 | E81: 淘宝/天猫 | F81: 湖北武汉 | G81: 堡兰森林特檀专卖店 | H81: https://detail.tmall.com/item.htm?id=998973518512 | I81: 卡士宝贝第二餐儿童酸奶（原味、西梅苹果味无蔗糖、4%蔗糖草莓蓝莓树莓味、4%蔗糖山楂六物味）（单袋85g） 单袋 | J81: 6 | K81: 87.47 | L81: =VLOOKUP(I:I,[1]指导价!$A:$B,2,0) -> 6.6 | M81: =K81/J81 -> 14.578333 | N81: 否 | W81: 998973518512 | X81: 卡士酸奶宝贝第二餐85g*6/9/12/15袋0蔗糖原生高钙儿童酸奶整箱装 | Y81: 口味:原味85g/袋;罐数:6袋 | Z81: 6150302111825 | AA81: =J81*L81 -> 39.6 | AB81: =K:K-AA:AA -> 47.87
A82: 46082 | B82: 46084 | C82: 华中大区 | D82: 未知经销商 | E82: 淘宝/天猫 | F82: 湖北武汉 | G82: 堡兰森林邀初专卖店 | H82: https://detail.tmall.com/item.htm?id=998932238798 | I82: 卡士宝贝第二餐儿童酸奶（原味、西梅苹果味无蔗糖、4%蔗糖草莓蓝莓树莓味、4%蔗糖山楂六物味）（单袋85g） 单袋 | J82: 6 | K82: 84.84 | L82: =VLOOKUP(I:I,[1]指导价!$A:$B,2,0) -> 6.6 | M82: =K82/J82 -> 14.14 | N82: 否 | W82: 998932238798 | X82: 卡士酸奶宝贝第二餐85g*6/9/12/15袋0蔗糖原生高钙儿童酸奶整箱装 | Y82: 原味85g/袋,6袋 | Z82: 6149538942683 | AA82: =J82*L82 -> 39.6 | AB82: =K:K-AA:AA -> 45.24
A83: 46082 | B83: 46084 | C83: 深圳大区 | D83: 未知经销商 | E83: 淘宝/天猫 | F83: 广东深圳 | G83: 堡兰森林用曼专卖店 | H83: https://detail.tmall.com/item.htm?id=990767717727 | I83: 卡士007益生菌家庭装酸奶原味1kg（含港澳版） | J83: 2 | K83: 134.44 | L83: =VLOOKUP(I:I,[1]指导价!$A:$B,2,0) -> 24.9 | M83: =K83/J83 -> 67.22 | N83: 否 | W83: 990767717727 | X83: 卡士低温酸奶007益生菌家庭装原味低温酸奶营养早餐酸奶1kg/969g | Y83: 口味:原味（红瓶1kg）;罐数:2瓶 | Z83: 6124030026391 | AA83: =J83*L83 -> 49.8 | AB83: =K:K-AA:AA -> 84.64
A84: 46082 | B84: 46084 | C84: 华北大区 | D84: 未知经销商 | E84: 淘宝/天猫 | F84: 北京 | G84: 北京万腾牛奶超市 | H84: https://item.taobao.com/item.htm?id=901641468575 | I84: 卡士007益生菌酸奶原味440g 单瓶 | J84: 5 | K84: 51.74 | L84: =VLOOKUP(I:I,[1]指导价!$A:$B,2,0) -> 9.9 | M84: =K84/J84 -> 10.348 | N84: 否 | W84: 901641468575 | X84: 卡士酸奶007小奶罐440g益生菌原味酸牛奶低温学生营养早餐下午茶 | Y84: 口味:卡士原味酸奶440g;罐数:5瓶 京东快递 | Z84: 5925086947005 | AA84: =J84*L84 -> 49.5 | AB84: =K:K-AA:AA -> 2.24
A85: 46082 | B85: 46084 | C85: 华北大区 | D85: 未知经销商 | E85: 淘宝/天猫 | F85: 北京 | G85: 北京万腾牛奶超市 | H85: https://item.taobao.com/item.htm?id=979103409218 | I85: 卡士007无蔗糖益生菌酸奶原味428g 单瓶 | J85: 3 | K85: 32.8 | L85: =VLOOKUP(I:I,[1]指导价!$A:$B,2,0) -> 9.9 | M85: =K85/J85 -> 10.933333 | N85: 否 | W85: 979103409218 | X85: 卡士酸奶007无蔗糖小奶罐428g益生菌酸牛奶低温学生营养早餐奶 | Y85: 口味:卡士无蔗糖酸奶428g;罐数:3瓶 | Z85: 6100872627953 | AA85: =J85*L85 -> 29.7 | AB85: =K:K-AA:AA -> 3.1
A86: 46082 | B86: 46084 | C86: 华北大区 | D86: 未知经销商 | E86: 淘宝/天猫 | F86: 北京 | G86: 北京万腾牛奶超市 | H86: https://item.taobao.com/item.htm?id=975062117740 | I86: 卡士007益生菌酸奶原味440g 单瓶 | J86: 5 | K86: 51.97 | L86: =VLOOKUP(I:I,[1]指导价!$A:$B,2,0) -> 9.9 | M86: =K86/J86 -> 10.394 | N86: 否 | W86: 975062117740 | X86: 卡士酸奶007小奶罐440g益生菌原味酸牛奶低温学生营养早餐下午茶 | Y86: 口味:卡士原味酸奶440g;罐数:5瓶 京东快递 | Z86: 6093031482694 | AA86: =J86*L86 -> 49.5 | AB86: =K:K-AA:AA -> 2.47
A87: 46082 | B87: 46084 | C87: 华北大区 | D87: 未知经销商 | E87: 淘宝/天猫 | F87: 北京 | G87: 北京万腾牛奶超市 | H87: https://item.taobao.com/item.htm?id=979820745083 | I87: 卡士007无蔗糖益生菌酸奶原味428g 单瓶 | J87: 3 | K87: 32.55 | L87: =VLOOKUP(I:I,[1]指导价!$A:$B,2,0) -> 9.9 | M87: =K87/J87 -> 10.85 | N87: 否 | W87: 979820745083 | X87: 卡士酸奶007小奶罐0蔗糖原味益生菌低温酸奶营养早餐奶下午茶 | Y87: 口味:0蔗糖酸奶428g;罐数:3瓶 | Z87: 6101361446301 | AA87: =J87*L87 -> 29.7 | AB87: =K:K-AA:AA -> 2.85
A88: 46082 | B88: 46084 | C88: 华北大区 | D88: 未知经销商 | E88: 淘宝/天猫 | F88: 辽宁沈阳 | G88: 册宗食品馆1 | H88: https://item.taobao.com/item.htm?id=1004125015705 | I88: 卡士宝贝第二餐儿童酸奶（原味、西梅苹果味无蔗糖、4%蔗糖草莓蓝莓树莓味、4%蔗糖山楂六物味）（单袋85g） 单袋 | J88: 12 | K88: 79.77 | L88: =VLOOKUP(I:I,[1]指导价!$A:$B,2,0) -> 6.6 | M88: =K88/J88 -> 6.6475 | N88: 否 | W88: 1004125015705 | X88: 卡士宝贝第二餐85g*12袋装酸奶无添加剂高钙儿童低温酸牛奶 | Y88: 口味:0%原味*12袋 | Z88: 6164792643131 | AA88: =J88*L88 -> 79.2 | AB88: =K:K-AA:AA -> 0.57
... A94: 46082 | B94: 46084 | C94: 华北大区 | D94: 未知经销商 | E94: 淘宝/天猫 | F94: 北京 | G94: 醇物志企业店 | H94: https://item.taobao.com/item.htm?id=974496390770 | I94: 卡士宝贝第二餐儿童酸奶（原味、西梅苹果味无蔗糖、4%蔗糖草莓蓝莓树莓味、4%蔗糖山楂六物味）（单袋85g） 单袋 | J94: 7 | K94: 58.9 | L94: =VLOOKUP(I:I,[1]指导价!$A:$B,2,0) -> 6.6 | M94: =K94/J94 -> 8.4142857 | N94: 否 | W94: 974496390770 | X94: 卡士宝贝第二餐宝宝酸奶【7袋】西梅苹果草莓原味低温儿童酸奶 | Y94: 宝贝第二餐0%蔗糖西梅*7 | Z94: 5928552537122 | AA94: =J94*L94 -> 46.2 | AB94: =K:K-AA:AA -> 12.7
A95: 46082 | B95: 46084 | C95: =VLOOKUP(G95,白名单!C:E,3,0) -> 深圳大区 | D95: =VLOOKUP(G95,白名单!C:F,4,0) -> 广东省莞诚贸易有限公司 | E95: 淘宝/天猫 | F95: 广东东莞 | G95: 鼎诚乳品批发商行 | H95: https://item.taobao.com/item.htm?id=928173686483 | I95: 卡士007益生菌酸奶原味440g 单瓶 | J95: 4 | K95: 51.72 | L95: =VLOOKUP(I:I,[1]指导价!$A:$B,2,0) -> 9.9 | M95: =K95/J95 -> 12.93 | N95: 否 | W95: 928173686483 | X95: 卡士酸奶007小奶罐含益生菌营养儿童孕妇早餐奶低温 | Y95: 口味:4瓶】卡士原味酸奶440g/瓶 | Z95: 5812370489870 | AA95: =J95*L95 -> 39.6 | AB95: =K:K-AA:AA -> 12.12
A96: 46082 | B96: 46084 | C96: =VLOOKUP(G96,白名单!C:E,3,0) -> 深圳大区 | D96: =VLOOKUP(G96,白名单!C:F,4,0) -> 广东省莞诚贸易有限公司 | E96: 淘宝/天猫 | F96: 广东东莞 | G96: 鼎诚乳品批发商行 | H96: https://item.taobao.com/item.htm?id=916213220952 | I96: 卡士007无蔗糖益生菌酸奶原味428g 单瓶 | J96: 4 | K96: 51.2 | L96: =VLOOKUP(I:I,[1]指导价!$A:$B,2,0) -> 9.9 | M96: =K96/J96 -> 12.8 | N96: 否 | W96: 916213220952 | X96: 卡士酸奶007小奶罐含益生菌酸奶整箱儿童孕妇早餐奶 | Y96: 口味:4瓶】0蔗糖428g/瓶 | Z96: 5783325061138 | AA96: =J96*L96 -> 39.6 | AB96: =K:K-AA:AA -> 11.6
A97: 46082 | B97: 46084 | C97: 广州大区 | D97: 未知经销商 | E97: 淘宝/天猫 | F97: 广东广州 | G97: 冻冻汇食品 | H97: https://item.taobao.com/item.htm?id=1001811549726 | I97: 卡士宝贝第二餐儿童酸奶（原味、西梅苹果味无蔗糖、4%蔗糖草莓蓝莓树莓味、4%蔗糖山楂六物味）（单袋85g） 单袋 | J97: 7 | K97: 55.26 | L97: =VLOOKUP(I:I,[1]指导价!$A:$B,2,0) -> 6.6 | M97: =K97/J97 -> 7.8942857 | N97: 否 | W97: 1001811549726 | X97: 卡士宝贝第二餐酸奶原味85g*7袋西梅苹果味儿童低温酸牛奶售卖中 | Y97: 口味:原味85g*7袋【保质期25天】 | Z97: 6154535914272 | AA97: =J97*L97 -> 46.2 | AB97: =K:K-AA:AA -> 9.06
A98: 46082 | B98: 46084 | C98: 华中大区 | D98: 未知经销商 | E98: 淘宝/天猫 | F98: 湖南长沙 | G98: 抖音美食折扣小铺 | H98: https://item.taobao.com/item.htm?id=836208557086 | I98: 卡士007益生菌家庭装酸奶原味1kg（含港澳版） | J98: 6 | K98: 223.13 | L98: =VLOOKUP(I:I,[1]指导价!$A:$B,2,0) -> 24.9 | M98: =K98/J98 -> 37.188333 | N98: 否 | W98: 836208557086 | X98: 卡士酸奶官方旗舰店卡仕007原味风味发酵乳益生菌1kg大瓶家庭分享 | Y98: 口味:原味;瓶数:6瓶 | Z98: 5593525825954 | AA98: =J98*L98 -> 149.4 | AB98: =K:K-AA:AA -> 73.73
A99: 46082 | B99: 46084 | C99: 华北大区 | D99: 未知经销商 | E99: 淘宝/天猫 | F99: 吉林白山 | G99: 额外误工费的小店47 | H99: https://item.taobao.com/item.htm?id=1004552214830 | I99: 卡士007无蔗糖益生菌酸奶原味428g 单瓶 | J99: 9 | K99: 181.62 | L99: =VLOOKUP(I:I,[1]指导价!$A:$B,2,0) -> 9.9 | M99: =K99/J99 -> 20.18 | N99: 否 | W99: 1004552214830 | X99: CLASSYKISS/卡士007小奶罐原味440g无蔗糖428g低温酸奶益生菌 | Y99: 口味:有糖(小奶罐原味*9瓶) | Z99: 5999249908977 | AA99: =J99*L99 -> 89.1 | AB99: =K:K-AA:AA -> 92.52
A100: 46082 | B100: 46084 | C100: 闽赣大区 | D100: 未知经销商 | E100: 淘宝/天猫 | F100: 福建泉州 | G100: 枫巢食品专营店 | H100: https://detail.tmall.com/item.htm?id=999746408348 | I100: 卡士007AD钙益生菌酸奶-果味-210g | J100: 6 | K100: 89.9 | L100: =VLOOKUP(I:I,[1]指导价!$A:$B,2,0) -> 8.9 | M100: =K100/J100 -> 14.983333 | N100: 否 | V100: 淘金币频道抵扣3%起 | W100: 999746408348 | X100: 卡士007益生菌酸奶AD钙0添加原味酸奶110g组合儿童营养早餐奶零食 | Y100: AD钙210g*5瓶+0添加酸奶110g*6杯 | Z100: 5982132152617 | AA100: =J100*L100 -> 53.4 | AB100: =K:K-AA:AA -> 36.5
A101: 46082 | B101: 46084 | C101: 闽赣大区 | D101: 未知经销商 | E101: 淘宝/天猫 | F101: 福建泉州 | G101: 枫巢食品专营店 | H101: https://detail.tmall.com/item.htm?id=994672972542 | I101: 卡士007益生菌酸奶原味440g 单瓶 | J101: 4 | K101: 108 | L101: =VLOOKUP(I:I,[1]指导价!$A:$B,2,0) -> 9.9 | M101: =K101/J101 -> 27 | N101: 否 | W101: 994672972542 | X101: 卡士007益生菌酸奶440g*8瓶家庭装原味益生元发酵乳儿童早餐酸奶 | Y101: 卡士风味发酵乳酸奶共3520g【880g*4组】 | Z101: 5968917408300 | AA101: =J101*L101 -> 39.6 | AB101: =K:K-AA:AA -> 68.4
A102: 46082 | B102: 46084 | C102: 闽赣大区 | D102: 未知经销商 | E102: 淘宝/天猫 | F102: 福建泉州 | G102: 枫巢食品专营店 | H102: https://detail.tmall.com/item.htm?id=982336543462 | I102: 卡士007益生菌酸奶原味440g 单瓶 | J102: 4 | K102: 108.8 | L102: =VLOOKUP(I:I,[1]指导价!$A:$B,2,0) -> 9.9 | M102: =K102/J102 -> 27.2 | N102: 否 | W102: 982336543462 | X102: 卡士007益生菌酸奶440g*8瓶家庭装原味益生元发酵乳儿童早餐酸奶 | Y102: 卡士风味发酵乳酸奶共3520g【880g*4组】 | Z102: 6109685586349 | AA102: =J102*L102 -> 39.6 | AB102: =K:K-AA:AA -> 69.2
A103: 46082 | B103: 46084 | C103: 闽赣大区 | D103: 未知经销商 | E103: 淘宝/天猫 | F103: 福建泉州 | G103: 枫巢食品专营店 | H103: https://detail.tmall.com/item.htm?id=983602321169 | I103: 卡士007AD钙益生菌酸奶-果味-210g | J103: 8 | K103: 79.9 | L103: =VLOOKUP(I:I,[1]指导价!$A:$B,2,0) -> 8.9 | M103: =K103/J103 -> 9.9875 | N103: 否 | V103: 淘金币频道抵扣3%起 | W103: 983602321169 | X103: 卡士007益生菌酸奶AD钙210g*8罐儿童营养早餐奶风味发酵乳迷你罐 | Y103: 卡士007AD钙酸奶210g*8罐 | Z103: 6109672266787 | AA103: =J103*L103 -> 71.2 | AB103: =K:K-AA:AA -> 8.7
A104: 46082 | B104: 46084 | C104: 深圳大区 | D104: 未知经销商 | E104: 淘宝/天猫 | F104: 广东深圳 | G104: 赣炫食品行 | H104: https://item.taobao.com/item.htm?id=900540268432 | I104: 卡士宝贝第二餐儿童酸奶（原味、西梅苹果味无蔗糖、4%蔗糖草莓蓝莓树莓味、4%蔗糖山楂六物味）（单袋85g） 单袋 | J104: 6 | K104: 40.95 | L104: =VLOOKUP(I:I,[1]指导价!$A:$B,2,0) -> 6.6 | M104: =K104/J104 -> 6.825 | N104: 否 | W104: 900540268432 | X104: 卡士宝贝第二餐宝贝婴幼儿0添加蔗糖原味西梅苹果益生菌儿童酸奶 | Y104: 口味:（0蔗糖）原味 特优级生牛乳奶源;罐数:6袋 | Z104: 5923373971017 | AA104: =J104*L104 -> 39.6 | AB104: =K:K-AA:AA -> 1.35
A105: 46082 | B105: 46084 | C105: 深圳大区 | D105: 未知经销商 | E105: 淘宝/天猫 | F105: 广东深圳 | G105: 赣炫食品行 | H105: https://item.taobao.com/item.htm?id=899705162519 | I105: 卡士007无蔗糖益生菌酸奶原味428g 单瓶 | J105: 2 | K105: 30.93 | L105: =VLOOKUP(I:I,[1]指导价!$A:$B,2,0) -> 9.9 | M105: =K105/J105 -> 15.465 | N105: 否 | W105: 899705162519 | X105: 卡士007小奶罐100%生牛乳428g/440g7种益生菌0蔗糖酸奶 | Y105: 罐数:2瓶;口味:无蔗糖益菌酸奶（小奶罐）428g | Z105: 5756679621814 | AA105: =J105*L105 -> 19.8 | AB105: =K:K-AA:AA -> 11.13
...

Sheet 违规数据
A1: 年月 | B1: 核检日期 | C1: 所属大区 | D1: 更新经销商 | E1: 平台名称 | F1: 发货地区 | G1: 序号 | H1: 店铺名称 | I1: 商品链接 | J1: 型号 | K1: 数量 | L1: 平台促销价 | M1: 2026年1月促销价格指引 | N1: 售卖单价 （PC） | O1: 促销价是否比红线价低 | P1: 处理大区 | Q1: 负责人 | R1: 整改时间 | S1: 反馈整改图片 | T1: 谁处理问题 | U1: 处理时间 | V1: 处理结果 | W1: 优惠信息 | X1: 商品ID | Y1: spu名称 | Z1: sku描述 | AA1: skuid | AB1: 换算价 | AC1: 差价 | AD1: 正常价 | AE1: 销量
A2: 46082 | B2: 46084 | C2: 广州大区 | D2: 未知经销商 | E2: 淘宝/天猫 | F2: 广东 东莞 | G2: 1 | H2: classykiss卡士宫荼专卖店 | I2: https://item.taobao.com/item.htm?id=1016348664448 | J2: 卡士吃酸大果粒风味发酵乳系列(黄桃、酸木瓜、粉芭乐）3联 | K2: 4 | L2: 129 | M2: 32.9 | N2: 32.25 | O2: 是 | U2: 46085 | V2: 未调整 | X2: 1016348664448 | Y2: 卡士酸奶吃酸风味发酵乳140g*12杯芭乐柠檬水蜜桃酸木瓜黄桃酸奶 | Z2: 商品规格:12杯】酸木瓜双柚芦荟味 | AA2: 6186233958349 | AB2: 131.6 | AC2: -2.6 | AD2: 129
A3: 46082 | B3: 46084 | C3: 广州大区 | D3: 未知经销商 | E3: 淘宝/天猫 | F3: 广东 东莞 | G3: 2 | H3: classykiss卡士宫荼专卖店 | I3: https://item.taobao.com/item.htm?id=1016348664448 | J3: 卡士吃酸大果粒风味发酵乳系列(黄桃、酸木瓜、粉芭乐）3联 | K3: 4 | L3: 129 | M3: 32.9 | N3: 32.25 | O3: 是 | U3: 46085 | V3: 未调整 | X3: 1016348664448 | Y3: 卡士酸奶吃酸风味发酵乳140g*12杯芭乐柠檬水蜜桃酸木瓜黄桃酸奶 | Z3: 商品规格:12杯】黄杏黄桃话梅味 | AA3: 6186233958350 | AB3: 131.6 | AC3: -2.6 | AD3: 129
A4: 46082 | B4: 46084 | C4: 广州大区 | D4: 未知经销商 | E4: 淘宝/天猫 | F4: 广东 东莞 | G4: 3 | H4: classykiss卡士宫荼专卖店 | I4: https://item.taobao.com/item.htm?id=1016348664448 | J4: 卡士吃酸大果粒风味发酵乳系列(黄桃、酸木瓜、粉芭乐）3联 | K4: 4 | L4: 129 | M4: 32.9 | N4: 32.25 | O4: 是 | U4: 46085 | V4: 未调整 | X4: 1016348664448 | Y4: 卡士酸奶吃酸风味发酵乳140g*12杯芭乐柠檬水蜜桃酸木瓜黄桃酸奶 | Z4: 商品规格:12杯】芭乐柠檬水蜜桃味 | AA4: 6186233958348 | AB4: 131.6 | AC4: -2.6 | AD4: 129
A5: 46082 | B5: 46084 | C5: 广州大区 | D5: 未知经销商 | E5: 淘宝/天猫 | F5: 广东 东莞 | G5: 4 | H5: classykiss卡士宫荼专卖店 | I5: https://item.taobao.com/item.htm?id=891449603394 | J5: 卡士断糖日记无蔗糖原味130g 单瓶 | K5: 12 | L5: 85.07 | M5: 7.4 | N5: 7.0891667 | O5: 是 | U5: 46085 | V5: 未调整 | X5: 891449603394 | Y5: 卡士酸奶断糖日记无蔗糖发酵乳原味含益生菌代餐奶低温130g* 8杯 | Z5: 口味:6杯原味+6杯椰子味 | AA5: 5841937516523 | AB5: 88.8 | AC5: -3.73 | AD5: 85.07
A6: 46082 | B6: 46084 | C6: 广州大区 | D6: 未知经销商 | E6: 淘宝/天猫 | F6: 广东 东莞 | G6: 5 | H6: classykiss卡士宫荼专卖店 | I6: https://item.taobao.com/item.htm?id=891449603394 | J6: 卡士断糖日记无蔗糖原味130g 单瓶 | K6: 36 | L6: 232 | M6: 7.4 | N6: 6.4444444 | O6: 是 | U6: 46085 | V6: 未调整 | X6: 891449603394 | Y6: 卡士酸奶断糖日记无蔗糖发酵乳原味含益生菌代餐奶低温130g* 8杯 | Z6: 口味:36杯】断糖原味 | AA6: 5905497694047 | AB6: 266.4 | AC6: -34.4 | AD6: 232
A7: 46082 | B7: 46084 | C7: 广州大区 | D7: 未知经销商 | E7: 淘宝/天猫 | F7: 广东 东莞 | G7: 6 | H7: classykiss卡士宫荼专卖店 | I7: https://item.taobao.com/item.htm?id=891449603394 | J7: 卡士断糖日记无蔗糖原味130g 单瓶 | K7: 36 | L7: 232 | M7: 7.4 | N7: 6.4444444 | O7: 是 | U7: 46085 | V7: 未调整 | X7: 891449603394 | Y7: 卡士酸奶断糖日记无蔗糖发酵乳原味含益生菌代餐奶低温130g* 8杯 | Z7: 口味:36杯】断糖椰子味 | AA7: 5841937516521 | AB7: 266.4 | AC7: -34.4 | AD7: 232
A8: 46082 | B8: 46084 | C8: 广州大区 | D8: 未知经销商 | E8: 淘宝/天猫 | F8: 广东 东莞 | G8: 7 | H8: classykiss卡士宫荼专卖店 | I8: https://item.taobao.com/item.htm?id=891449603394 | J8: 卡士断糖日记无蔗糖原味130g 单瓶 | K8: 24 | L8: 154.67 | M8: 7.4 | N8: 6.4445833 | O8: 是 | U8: 46085 | V8: 未调整 | X8: 891449603394 | Y8: 卡士酸奶断糖日记无蔗糖发酵乳原味含益生菌代餐奶低温130g* 8杯 | Z8: 口味:24杯】断糖原味 | AA8: 5905497694046 | AB8: 177.6 | AC8: -22.93 | AD8: 154.67
A9: 46082 | B9: 46084 | C9: 广州大区 | D9: 未知经销商 | E9: 淘宝/天猫 | F9: 广东 东莞 | G9: 8 | H9: classykiss卡士宫荼专卖店 | I9: https://item.taobao.com/item.htm?id=891449603394 | J9: 卡士断糖日记无蔗糖原味130g 单瓶 | K9: 24 | L9: 154.67 | M9: 7.4 | N9: 6.4445833 | O9: 是 | U9: 46085 | V9: 未调整 | X9: 891449603394 | Y9: 卡士酸奶断糖日记无蔗糖发酵乳原味含益生菌代餐奶低温130g* 8杯 | Z9: 口味:24杯】断糖椰子味 | AA9: 5841937516520 | AB9: 177.6 | AC9: -22.93 | AD9: 154.67
A10: 46082 | B10: 46084 | C10: 广州大区 | D10: 未知经销商 | E10: 淘宝/天猫 | F10: 广东东莞 | G10: 9 | H10: classykiss卡士宫荼专卖店 | I10: https://detail.tmall.com/item.htm?id=969375047856 | J10: 卡士餐后一小时原味250g | K10: 24 | L10: 260 | M10: 10.9 | N10: 10.833333 | O10: 是 | U10: 46085 | V10: 未调整 | W10: 购买得积分 | X10: 969375047856 | Y10: 卡士酸奶餐后一小时风味发酵乳益生菌酸奶整箱250g*8瓶 | Z10: 24瓶】有甜味餐后一小时 | AA10: 6084922134156 | AB10: 261.6 | AC10: -1.6 | AD10: 260 | AE10: 5
A11: 46082 | B11: 46084 | C11: 广州大区 | D11: 未知经销商 | E11: 淘宝/天猫 | F11: 广东 东莞 | G11: 10 | H11: classykiss卡士宫荼专卖店 | I11: https://item.taobao.com/item.htm?id=891449603394 | J11: 卡士断糖日记无蔗糖原味130g 单瓶 | K11: 12 | L11: 85.07 | M11: 7.4 | N11: 7.0891667 | O11: 是 | U11: 46085 | V11: 未调整 | X11: 891449603394 | Y11: 卡士酸奶断糖日记无蔗糖发酵乳原味含益生菌代餐奶低温130g* 8杯 | Z11: 口味:12杯】断糖原味 | AA11: 5905497694045 | AB11: 88.8 | AC11: -3.73 | AD11: 85.07
A12: 46082 | B12: 46084 | C12: 广州大区 | D12: 未知经销商 | E12: 淘宝/天猫 | F12: 广东 东莞 | G12: 11 | H12: classykiss卡士宫荼专卖店 | I12: https://item.taobao.com/item.htm?id=891449603394 | J12: 卡士断糖日记无蔗糖原味130g 单瓶 | K12: 12 | L12: 85.07 | M12: 7.4 | N12: 7.0891667 | O12: 是 | U12: 46085 | V12: 未调整 | X12: 891449603394 | Y12: 卡士酸奶断糖日记无蔗糖发酵乳原味含益生菌代餐奶低温130g* 8杯 | Z12: 口味:12杯】断糖椰子味 | AA12: 5841937516522 | AB12: 88.8 | AC12: -3.73 | AD12: 85.07
A13: 46082 | B13: 46084 | C13: 广州大区 | D13: 未知经销商 | E13: 淘宝/天猫 | F13: 广东东莞 | G13: 12 | H13: classykiss卡士宫荼专卖店 | I13: https://detail.tmall.com/item.htm?id=891449603394 | J13: 卡士断糖日记无蔗糖原味130g 单瓶 | K13: 24 | L13: 145 | M13: 7.4 | N13: 6.0416667 | O13: 是 | U13: 46085 | V13: 未调整 | W13: 店铺新客减3元 | X13: 891449603394 | Y13: 卡士酸奶断糖日记无蔗糖发酵乳原味含益生菌代餐奶低温130g* 8杯 | Z13: 24杯】断糖椰子味 | AA13: 5841937516520 | AB13: 177.6 | AC13: -32.6 | AD13: 156 | AE13: 3000+
A14: 46082 | B14: 46084 | C14: 广州大区 | D14: 未知经销商 | E14: 淘宝/天猫 | F14: 广东东莞 | G14: 13 | H14: classykiss卡士宫荼专卖店 | I14: https://detail.tmall.com/item.htm?id=891449603394 | J14: 卡士断糖日记无蔗糖原味130g 单瓶 | K14: 36 | L14: 217 | M14: 7.4 | N14: 6.0277778 | O14: 是 | U14: 46085 | V14: 未调整 | W14: 店铺新客减3元 | X14: 891449603394 | Y14: 卡士酸奶断糖日记无蔗糖发酵乳原味含益生菌代餐奶低温130g* 8杯 | Z14: 36杯】断糖椰子味 | AA14: 5841937516521 | AB14: 266.4 | AC14: -49.4 | AD14: 232 | AE14: 3000+
A15: 46082 | B15: 46084 | C15: 广州大区 | D15: 未知经销商 | E15: 淘宝/天猫 | F15: 广东东莞 | G15: 14 | H15: classykiss卡士宫荼专卖店 | I15: https://detail.tmall.com/item.htm?id=891449603394 | J15: 卡士断糖日记无蔗糖原味130g 单瓶 | K15: 12 | L15: 75 | M15: 7.4 | N15: 6.25 | O15: 是 | U15: 46085 | V15: 未调整 | W15: 店铺新客减3元 | X15: 891449603394 | Y15: 卡士酸奶断糖日记无蔗糖发酵乳原味含益生菌代餐奶低温130g* 8杯 | Z15: 12杯】断糖椰子味 | AA15: 5841937516522 | AB15: 88.8 | AC15: -13.8 | AD15: 79 | AE15: 3000+
A16: 46082 | B16: 46084 | C16: 广州大区 | D16: 未知经销商 | E16: 淘宝/天猫 | F16: 广东东莞 | G16: 15 | H16: classykiss卡士宫荼专卖店 | I16: https://detail.tmall.com/item.htm?id=891449603394 | J16: 卡士断糖日记无蔗糖原味130g 单瓶 | K16: 12 | L16: 75 | M16: 7.4 | N16: 6.25 | O16: 是 | U16: 46085 | V16: 未调整 | W16: 店铺新客减3元 | X16: 891449603394 | Y16: 卡士酸奶断糖日记无蔗糖发酵乳原味含益生菌代餐奶低温130g* 8杯 | Z16: 6杯原味+6杯椰子味 | AA16: 5841937516523 | AB16: 88.8 | AC16: -13.8 | AD16: 79 | AE16: 3000+
A17: 46082 | B17: 46084 | C17: 广州大区 | D17: 未知经销商 | E17: 淘宝/天猫 | F17: 广东东莞 | G17: 16 | H17: classykiss卡士宫荼专卖店 | I17: https://detail.tmall.com/item.htm?id=891449603394 | J17: 卡士断糖日记无蔗糖原味130g 单瓶 | K17: 24 | L17: 145 | M17: 7.4 | N17: 6.0416667 | O17: 是 | U17: 46085 | V17: 未调整 | W17: 店铺新客减3元 | X17: 891449603394 | Y17: 卡士酸奶断糖日记无蔗糖发酵乳原味含益生菌代餐奶低温130g* 8杯 | Z17: 12杯原味+12杯椰子味 | AA17: 5841937516524 | AB17: 177.6 | AC17: -32.6 | AD17: 156 | AE17: 3000+
A18: 46082 | B18: 46084 | C18: 广州大区 | D18: 未知经销商 | E18: 淘宝/天猫 | F18: 广东东莞 | G18: 17 | H18: classykiss卡士宫荼专卖店 | I18: https://detail.tmall.com/item.htm?id=891449603394 | J18: 卡士断糖日记无蔗糖原味130g 单瓶 | K18: 36 | L18: 217 | M18: 7.4 | N18: 6.0277778 | O18: 是 | U18: 46085 | V18: 未调整 | W18: 店铺新客减3元 | X18: 891449603394 | Y18: 卡士酸奶断糖日记无蔗糖发酵乳原味含益生菌代餐奶低温130g* 8杯 | Z18: 18杯原味+18杯椰子味 | AA18: 5841937516525 | AB18: 266.4 | AC18: -49.4 | AD18: 232 | AE18: 3000+
A19: 46082 | B19: 46084 | C19: 广州大区 | D19: 未知经销商 | E19: 淘宝/天猫 | F19: 广东东莞 | G19: 18 | H19: classykiss卡士宫荼专卖店 | I19: https://detail.tmall.com/item.htm?id=891449603394 | J19: 卡士断糖日记无蔗糖原味130g 单瓶 | K19: 12 | L19: 75 | M19: 7.4 | N19: 6.25 | O19: 是 | U19: 46085 | V19: 未调整 | W19: 店铺新客减3元 | X19: 891449603394 | Y19: 卡士酸奶断糖日记无蔗糖发酵乳原味含益生菌代餐奶低温130g* 8杯 | Z19: 12杯】断糖原味 | AA19: 5905497694045 | AB19: 88.8 | AC19: -13.8 | AD19: 79 | AE19: 3000+
A20: 46082 | B20: 46084 | C20: 广州大区 | D20: 未知经销商 | E20: 淘宝/天猫 | F20: 广东东莞 | G20: 19 | H20: classykiss卡士宫荼专卖店 | I20: https://detail.tmall.com/item.htm?id=891449603394 | J20: 卡士断糖日记无蔗糖原味130g 单瓶 | K20: 24 | L20: 145 | M20: 7.4 | N20: 6.0416667 | O20: 是 | U20: 46085 | V20: 未调整 | W20: 店铺新客减3元 | X20: 891449603394 | Y20: 卡士酸奶断糖日记无蔗糖发酵乳原味含益生菌代餐奶低温130g* 8杯 | Z20: 24杯】断糖原味 | AA20: 5905497694046 | AB20: 177.6 | AC20: -32.6 | AD20: 156 | AE20: 3000+
A21: 46082 | B21: 46084 | C21: 广州大区 | D21: 未知经销商 | E21: 淘宝/天猫 | F21: 广东东莞 | G21: 20 | H21: classykiss卡士宫荼专卖店 | I21: https://detail.tmall.com/item.htm?id=891449603394 | J21: 卡士断糖日记无蔗糖原味130g 单瓶 | K21: 36 | L21: 217 | M21: 7.4 | N21: 6.0277778 | O21: 是 | U21: 46085 | V21: 未调整 | W21: 店铺新客减3元 | X21: 891449603394 | Y21: 卡士酸奶断糖日记无蔗糖发酵乳原味含益生菌代餐奶低温130g* 8杯 | Z21: 36杯】断糖原味 | AA21: 5905497694047 | AB21: 266.4 | AC21: -49.4 | AD21: 232 | AE21: 3000+
A22: 46082 | B22: 46084 | C22: 广州大区 | D22: 未知经销商 | E22: 淘宝/天猫 | F22: 广东东莞 | G22: 21 | H22: classykiss卡士宫荼专卖店 | I22: https://detail.tmall.com/item.htm?id=891449603394 | J22: 卡士断糖日记无蔗糖原味130g 单瓶 | K22: 8 | L22: 56 | M22: 7.4 | N22: 7 | O22: 是 | U22: 46085 | V22: 未调整 | W22: 店铺新客减3元 | X22: 891449603394 | Y22: 卡士酸奶断糖日记无蔗糖发酵乳原味含益生菌代餐奶低温130g* 8杯 | Z22: 8杯】断糖原味 | AA22: 6114287170186 | AB22: 59.2 | AC22: -3.2 | AD22: 59 | AE22: 3000+
A23: 46082 | B23: 46084 | C23: 广州大区 | D23: 未知经销商 | E23: 淘宝/天猫 | F23: 广东东莞 | G23: 22 | H23: classykiss卡士宫荼专卖店 | I23: https://detail.tmall.com/item.htm?id=901960799069 | J23: 卡士断糖日记无蔗糖原味130g 单瓶 | K23: 12 | L23: 79.9 | M23: 7.4 | N23: 6.6583333 | O23: 是 | U23: 46085 | V23: 未调整 | W23: 购买得积分 | X23: 901960799069 | Y23: 卡士酸奶断糖日记椰子味无蔗糖风味发酵乳低温冷藏130g/杯*8杯 | Z23: 12杯】断糖椰子味 | AA23: 5759319460991 | AB23: 88.8 | AC23: -8.9 | AD23: 79.9 | AE23: 72
A24: 46082 | B24: 46084 | C24: 广州大区 | D24: 未知经销商 | E24: 淘宝/天猫 | F24: 广东东莞 | G24: 23 | H24: classykiss卡士宫荼专卖店 | I24: https://detail.tmall.com/item.htm?id=901960799069 | J24: 卡士断糖日记无蔗糖原味130g 单瓶 | K24: 24 | L24: 158.9 | M24: 7.4 | N24: 6.6208333 | O24: 是 | U24: 46085 | V24: 未调整 | W24: 购买得积分 | X24: 901960799069 | Y24: 卡士酸奶断糖日记椰子味无蔗糖风味发酵乳低温冷藏130g/杯*8杯 | Z24: 24杯】断糖椰子味 | AA24: 5759319460992 | AB24: 177.6 | AC24: -18.7 | AD24: 158.9 | AE24: 72
A25: 46082 | B25: 46084 | C25: 广州大区 | D25: 未知经销商 | E25: 淘宝/天猫 | F25: 广东东莞 | G25: 24 | H25: classykiss卡士宫荼专卖店 | I25: https://detail.tmall.com/item.htm?id=901960799069 | J25: 卡士断糖日记无蔗糖原味130g 单瓶 | K25: 12 | L25: 79.9 | M25: 7.4 | N25: 6.6583333 | O25: 是 | U25: 46085 | V25: 未调整 | W25: 购买得积分 | X25: 901960799069 | Y25: 卡士酸奶断糖日记椰子味无蔗糖风味发酵乳低温冷藏130g/杯*8杯 | Z25: 12杯】断糖原味 | AA25: 5942974966952 | AB25: 88.8 | AC25: -8.9 | AD25: 79.9 | AE25: 72
A26: 46082 | B26: 46084 | C26: 广州大区 | D26: 未知经销商 | E26: 淘宝/天猫 | F26: 广东东莞 | G26: 25 | H26: classykiss卡士宫荼专卖店 | I26: https://detail.tmall.com/item.htm?id=901960799069 | J26: 卡士断糖日记无蔗糖原味130g 单瓶 | K26: 24 | L26: 158.9 | M26: 7.4 | N26: 6.6208333 | O26: 是 | U26: 46085 | V26: 未调整 | W26: 购买得积分 | X26: 901960799069 | Y26: 卡士酸奶断糖日记椰子味无蔗糖风味发酵乳低温冷藏130g/杯*8杯 | Z26: 24杯】断糖原味 | AA26: 5942974966953 | AB26: 177.6 | AC26: -18.7 | AD26: 158.9 | AE26: 72
A27: 46082 | B27: 46084 | C27: 广州大区 | D27: 未知经销商 | E27: 淘宝/天猫 | F27: 广东东莞 | G27: 26 | H27: classykiss卡士宫荼专卖店 | I27: https://detail.tmall.com/item.htm?id=901960799069 | J27: 卡士断糖日记无蔗糖原味130g 单瓶 | K27: 12 | L27: 79.9 | M27: 7.4 | N27: 6.6583333 | O27: 是 | U27: 46085 | V27: 未调整 | W27: 购买得积分 | X27: 901960799069 | Y27: 卡士酸奶断糖日记椰子味无蔗糖风味发酵乳低温冷藏130g/杯*8杯 | Z27: 原味6杯+椰子味6杯 | AA27: 5942974966955 | AB27: 88.8 | AC27: -8.9 | AD27: 79.9 | AE27: 72
A28: 46082 | B28: 46084 | C28: 广州大区 | D28: 未知经销商 | E28: 淘宝/天猫 | F28: 广东东莞 | G28: 27 | H28: classykiss卡士宫荼专卖店 | I28: https://detail.tmall.com/item.htm?id=901960799069 | J28: 卡士断糖日记无蔗糖原味130g 单瓶 | K28: 24 | L28: 158.9 | M28: 7.4 | N28: 6.6208333 | O28: 是 | U28: 46085 | V28: 未调整 | W28: 购买得积分 | X28: 901960799069 | Y28: 卡士酸奶断糖日记椰子味无蔗糖风味发酵乳低温冷藏130g/杯*8杯 | Z28: 原味12杯+椰子味12杯 | AA28: 5942974966956 | AB28: 177.6 | AC28: -18.7 | AD28: 158.9 | AE28: 72
A29: 46082 | B29: 46084 | C29: 广州大区 | D29: 未知经销商 | E29: 淘宝/天猫 | F29: 广东东莞 | G29: 28 | H29: classykiss卡士宫荼专卖店 | I29: https://detail.tmall.com/item.htm?id=892370854388 | J29: 卡士餐后一小时原味250g | K29: 8 | L29: 84 | M29: 10.9 | N29: 10.5 | O29: 是 | U29: 46085 | V29: 未调整 | W29: 店铺新客减4元 | X29: 892370854388 | Y29: 卡士酸奶餐后一小时风味发酵乳益生菌酸奶整箱250g*8瓶 | Z29: 8瓶】有甜味餐后一小时 | AA29: 5907167610155 | AB29: 87.2 | AC29: -3.2 | AD29: 88 | AE29: 1000+
A30: 46082 | B30: 46084 | C30: 广州大区 | D30: 未知经销商 | E30: 淘宝/天猫 | F30: 广东东莞 | G30: 29 | H30: classykiss卡士宫荼专卖店 | I30: https://detail.tmall.com/item.htm?id=892370854388 | J30: 卡士餐后一小时原味250g | K30: 8 | L30: 84 | M30: 10.9 | N30: 10.5 | O30: 是 | U30: 46085 | V30: 未调整 | W30: 店铺新客减4元 | X30: 892370854388 | Y30: 卡士酸奶餐后一小时风味发酵乳益生菌酸奶整箱250g*8瓶 | Z30: 8瓶】0蔗糖餐后一小时 | AA30: 5907167610156 | AB30: 87.2 | AC30: -3.2 | AD30: 88 | AE30: 1000+
A31: 46082 | B31: 46084 | C31: 广州大区 | D31: 未知经销商 | E31: 淘宝/天猫 | F31: 广东东莞 | G31: 30 | H31: classykiss卡士宫荼专卖店 | I31: https://detail.tmall.com/item.htm?id=892370854388 | J31: 卡士餐后一小时原味250g | K31: 24 | L31: 247 | M31: 10.9 | N31: 10.291667 | O31: 是 | U31: 46085 | V31: 未调整 | W31: 店铺新客减4元 | X31: 892370854388 | Y31: 卡士酸奶餐后一小时风味发酵乳益生菌酸奶整箱250g*8瓶 | Z31: 24瓶】有甜味餐后一小时 | AA31: 5907167610159 | AB31: 261.6 | AC31: -14.6 | AD31: 262 | AE31: 1000+
A32: 46082 | B32: 46084 | C32: 广州大区 | D32: 未知经销商 | E32: 淘宝/天猫 | F32: 广东东莞 | G32: 31 | H32: classykiss卡士宫荼专卖店 | I32: https://detail.tmall.com/item.htm?id=969375047856 | J32: 卡士餐后一小时原味250g | K32: 24 | L32: 260 | M32: 10.9 | N32: 10.833333 | O32: 是 | U32: 46085 | V32: 未调整 | W32: 购买得积分 | X32: 969375047856 | Y32: 卡士酸奶餐后一小时风味发酵乳益生菌酸奶整箱250g*8瓶 | Z32: 24瓶】0蔗糖餐后一小时 | AA32: 6084922134157 | AB32: 261.6 | AC32: -1.6 | AD32: 260 | AE32: 5
A33: 46082 | B33: 46084 | C33: 广州大区 | D33: 未知经销商 | E33: 淘宝/天猫 | F33: 广东东莞 | G33: 32 | H33: classykiss卡士宫荼专卖店 | I33: https://detail.tmall.com/item.htm?id=892370854388 | J33: 卡士餐后一小时原味250g | K33: 24 | L33: 247 | M33: 10.9 | N33: 10.291667 | O33: 是 | U33: 46085 | V33: 未调整 | W33: 店铺新客减4元 | X33: 892370854388 | Y33: 卡士酸奶餐后一小时风味发酵乳益生菌酸奶整箱250g*8瓶 | Z33: 24瓶】0蔗糖餐后一小时 | AA33: 5907167610160 | AB33: 261.6 | AC33: -14.6 | AD33: 262 | AE33: 1000+
A34: 46082 | B34: 46084 | C34: 广州大区 | D34: 广州喜万佳便利店有限公司 | E34: 淘宝/天猫 | F34: 广东 广州 | G34: 33 | H34: CLASSYKISS乳品企业店 | I34: https://item.taobao.com/item.htm?id=827561688204 | J34: 卡士007小瓶装益生菌酸奶原味 220g | K34: 10 | L34: 88.8 | M34: 8.9 | N34: 8.88 | O34: 是 | X34: 827561688204 | Y34: 卡士酸奶200ml低温生牛乳活性益生菌酸牛奶孕妇学生早餐奶盒装 | Z34: 口味:【10瓶】活菌奶220g | AA34: 5957088824933 | AB34: 89 | AC34: -0.2 | AD34: 88.8
A35: 46082 | B35: 46084 | C35: 广州大区 | D35: 广州喜万佳便利店有限公司 | E35: 淘宝/天猫 | F35: 广东广州 | G35: 34 | H35: CLASSYKISS乳品企业店 | I35: https://item.taobao.com/item.htm?id=994962638547 | J35: 卡士吃酸大果粒风味发酵乳系列(黄桃、酸木瓜、粉芭乐）3联 | K35: 4 | L35: 99.8 | M35: 32.9 | N35: 24.95 | O35: 是 | W35: 券满20减6 | X35: 994962638547 | Y35: 卡士酸奶吃酸140g芭乐柠檬水蜜桃酸木瓜黄桃大颗果肉风味发酵乳 | Z35: 【12杯】芭乐柠檬水蜜桃味140g | AA35: 6140728403290 | AB35: 131.6 | AC35: -31.8 | AD35: 105.8 | AE35: 300+
A36: 46082 | B36: 46084 | C36: 广州大区 | D36: 广州喜万佳便利店有限公司 | E36: 淘宝/天猫 | F36: 广东广州 | G36: 35 | H36: CLASSYKISS乳品企业店 | I36: https://item.taobao.com/item.htm?id=994962638547 | J36: 卡士吃酸大果粒风味发酵乳系列(黄桃、酸木瓜、粉芭乐）3联 | K36: 4 | L36: 99.8 | M36: 32.9 | N36: 24.95 | O36: 是 | W36: 券满20减6 | X36: 994962638547 | Y36: 卡士酸奶吃酸140g芭乐柠檬水蜜桃酸木瓜黄桃大颗果肉风味发酵乳 | Z36: 【12杯】酸木瓜双柚芦荟味140g | AA36: 6140728403293 | AB36: 131.6 | AC36: -31.8 | AD36: 105.8 | AE36: 300+
A37: 46082 | B37: 46084 | C37: 广州大区 | D37: 广州喜万佳便利店有限公司 | E37: 淘宝/天猫 | F37: 广东广州 | G37: 36 | H37: CLASSYKISS乳品企业店 | I37: https://item.taobao.com/item.htm?id=994962638547 | J37: 卡士吃酸大果粒风味发酵乳系列(黄桃、酸木瓜、粉芭乐）3联 | K37: 4 | L37: 99.8 | M37: 32.9 | N37: 24.95 | O37: 是 | W37: 券满20减6 | X37: 994962638547 | Y37: 卡士酸奶吃酸140g芭乐柠檬水蜜桃酸木瓜黄桃大颗果肉风味发酵乳 | Z37: 【12杯】黄杏黄桃话梅味140g | AA37: 6140728403296 | AB37: 131.6 | AC37: -31.8 | AD37: 105.8 | AE37: 300+
A38: 46082 | B38: 46084 | C38: 华东大区 | D38: 未知经销商 | E38: 淘宝/天猫 | F38: 江苏苏州 | G38: 37 | H38: CLASSYKISS乳品线上店 | I38: https://item.taobao.com/item.htm?id=968762108303 | J38: 卡士007AD钙益生菌酸奶-果味-210g | K38: 6 | L38: 51.42 | M38: 8.9 | N38: 8.57 | O38: 是 | U38: 46085 | V38: 已调整 | W38: 官方立减12%省8元；限时立减4.6元 | X38: 968762108303 | Y38: 顺丰包邮卡士AD钙酸奶牛油果青苹果味小奶罐益生菌儿童早餐奶210g | Z38: AD钙益生菌酸奶牛油果味210g*6瓶 | AA38: 5915743941062 | AB38: 53.4 | AC38: -1.98 | AD38: 66 | AE38: 8
A39: 46082 | B39: 46084 | C39: 华东大区 | D39: 未知经销商 | E39: 淘宝/天猫 | F39: 江苏苏州 | G39: 38 | H39: CLASSYKISS乳品线上店 | I39: https://item.taobao.com/item.htm?id=968762108303 | J39: 卡士007AD钙益生菌酸奶-果味-210g | K39: 9 | L39: 77.25 | M39: 8.9 | N39: 8.5833333 | O39: 是 | U39: 46085 | V39: 已调整 | W39: 官方立减12%省8元；限时立减4.6元 | X39: 968762108303 | Y39: 顺丰包邮卡士AD钙酸奶牛油果青苹果味小奶罐益生菌儿童早餐奶210g | Z39: AD钙益生菌酸奶牛油果味210g*9瓶 | AA39: 5915743941063 | AB39: 80.1 | AC39: -2.85 | AD39: 95 | AE39: 8
A40: 46082 | B40: 46084 | C40: 华东大区 | D40: 未知经销商 | E40: 淘宝/天猫 | F40: 江苏苏州 | G40: 39 | H40: CLASSYKISS乳品线上店 | I40: https://item.taobao.com/item.htm?id=941523424714 | J40: 卡士断糖日记无蔗糖原味130g 单瓶 | K40: 4 | L40: 28.46 | M40: 7.4 | N40: 7.115 | O40: 是 | U40: 46085 | V40: 已调整 | W40: 官方立减12%省4.6元；限时立减3.8元 | X40: 941523424714 | Y40: 顺丰包邮 卡士酸奶断糖日记130g无蔗糖原味早餐奶发酵乳儿童奶 | Z40: 断糖日记原味130g*4杯 | AA40: 5839392805914 | AB40: 29.6 | AC40: -1.14 | AD40: 38 | AE40: 18
A41: 46082 | B41: 46084 | C41: 华东大区 | D41: 未知经销商 | E41: 淘宝/天猫 | F41: 江苏苏州 | G41: 40 | H41: CLASSYKISS乳品线上店 | I41: https://item.taobao.com/item.htm?id=941523424714 | J41: 卡士断糖日记无蔗糖原味130g 单瓶 | K41: 8 | L41: 57.13 | M41: 7.4 | N41: 7.14125 | O41: 是 | U41: 46085 | V41: 已调整 | W41: 官方立减12%省4.6元；限时立减3.8元 | X41: 941523424714 | Y41: 顺丰包邮 卡士酸奶断糖日记130g无蔗糖原味早餐奶发酵乳儿童奶 | Z41: 断糖日记原味130g*8杯 | AA41: 5839392805915 | AB41: 59.2 | AC41: -2.07 | AD41: 69 | AE41: 18
A42: 46082 | B42: 46084 | C42: 华东大区 | D42: 未知经销商 | E42: 淘宝/天猫 | F42: 江苏苏州 | G42: 41 | H42: CLASSYKISS乳品线上店 | I42: https://item.taobao.com/item.htm?id=941523424714 | J42: 卡士断糖日记无蔗糖原味130g 单瓶 | K42: 12 | L42: 85.62 | M42: 7.4 | N42: 7.135 | O42: 是 | U42: 46085 | V42: 已调整 | W42: 官方立减12%省4.6元；限时立减3.8元 | X42: 941523424714 | Y42: 顺丰包邮 卡士酸奶断糖日记130g无蔗糖原味早餐奶发酵乳儿童奶 | Z42: 断糖日记原味130g*12杯 | AA42: 5839392805916 | AB42: 88.8 | AC42: -3.18 | AD42: 106 | AE42: 18
A43: 46082 | B43: 46084 | C43: 华东大区 | D43: 未知经销商 | E43: 淘宝/天猫 | F43: 江苏苏州 | G43: 42 | H43: CLASSYKISS乳品线上店 | I43: https://item.taobao.com/item.htm?id=995986562176 | J43: 卡士007益生菌家庭装酸奶原味1kg（含港澳版） | K43: 2 | L43: 47.97 | M43: 24.9 | N43: 23.985 | O43: 是 | U43: 46085 | V43: 已调整 | W43: 官方立减12%省7.4元；券满30减4 | X43: 995986562176 | Y43: 顺丰包邮卡士酸奶007家庭装0零蔗糖原味益生菌早餐奶大瓶1kg/969g | Z43: 007益生菌原味1kg+零蔗糖969g各1瓶 | AA43: 6142820355659 | AB43: 49.8 | AC43: -1.83 | AD43: 61.2 | AE43: 1
A44: 46082 | B44: 46084 | C44: 广州大区 | D44: 广州喜万佳便利店有限公司 | E44: 淘宝/天猫 | F44: 广东广州 | G44: 43 | H44: classykiss乳业企业店 | I44: https://item.taobao.com/item.htm?id=994718526480 | J44: 卡士吃酸大果粒风味发酵乳系列(黄桃、酸木瓜、粉芭乐）3联 | K44: 4 | L44: 99.8 | M44: 32.9 | N44: 24.95 | O44: 是 | W44: 满20.0减6.0；满20减6；淘金币频道抵扣1%起；店铺券 | 满20减6；店铺券 | 满20减6 | X44: 994718526480 | Y44: 卡士酸奶吃酸140g芭乐柠檬水蜜桃酸木瓜黄桃大颗果肉风味发酵乳 | Z44: 【12杯】芭乐柠檬水蜜桃味140g | AA44: 6140031551692 | AB44: 131.6 | AC44: -31.8 | AD44: 105.8
A45: 46082 | B45: 46084 | C45: 广州大区 | D45: 广州喜万佳便利店有限公司 | E45: 淘宝/天猫 | F45: 广东广州 | G45: 44 | H45: classykiss乳业企业店 | I45: https://item.taobao.com/item.htm?id=994718526480 | J45: 卡士吃酸大果粒风味发酵乳系列(黄桃、酸木瓜、粉芭乐）3联 | K45: 4 | L45: 99.8 | M45: 32.9 | N45: 24.95 | O45: 是 | W45: 满20.0减6.0；满20减6；淘金币频道抵扣1%起；店铺券 | 满20减6；店铺券 | 满20减6 | X45: 994718526480 | Y45: 卡士酸奶吃酸140g芭乐柠檬水蜜桃酸木瓜黄桃大颗果肉风味发酵乳 | Z45: 【12杯】酸木瓜双柚芦荟味140g | AA45: 6140031551694 | AB45: 131.6 | AC45: -31.8 | AD45: 105.8
A46: 46082 | B46: 46084 | C46: 广州大区 | D46: 广州喜万佳便利店有限公司 | E46: 淘宝/天猫 | F46: 广东广州 | G46: 45 | H46: classykiss乳业企业店 | I46: https://item.taobao.com/item.htm?id=994718526480 | J46: 卡士吃酸大果粒风味发酵乳系列(黄桃、酸木瓜、粉芭乐）3联 | K46: 4 | L46: 99.8 | M46: 32.9 | N46: 24.95 | O46: 是 | W46: 满20.0减6.0；满20减6；淘金币频道抵扣1%起；店铺券 | 满20减6；店铺券 | 满20减6 | X46: 994718526480 | Y46: 卡士酸奶吃酸140g芭乐柠檬水蜜桃酸木瓜黄桃大颗果肉风味发酵乳 | Z46: 【12杯】黄杏黄桃话梅味140g | AA46: 6140031551696 | AB46: 131.6 | AC46: -31.8 | AD46: 105.8
A47: 46082 | B47: 46084 | C47: 广州大区 | D47: 广州喜万佳便利店有限公司 | E47: 淘宝/天猫 | F47: 广东广州 | G47: 46 | H47: classykiss乳业企业店 | I47: https://item.taobao.com/item.htm?id=900329625374 | J47: 卡士宝贝第二餐儿童酸奶（原味、西梅苹果味无蔗糖、4%蔗糖草莓蓝莓树莓味、4%蔗糖山楂六物味）（单袋85g） 单袋 | K47: 10 | L47: 62.8 | M47: 6.6 | N47: 6.28 | O47: 是 | W47: 满20.0减6.0；满20减6；淘金币频道抵扣1%起；店铺券 | 满20减6；店铺券 | 满20减6 | X47: 900329625374 | Y47: 卡士宝贝第二餐酸奶85g儿童酸奶高钙无蔗糖0添加剂控糖宝宝代餐 | Z47: 【8袋】原味85g送2袋如图 | AA47: 5756962229192 | AB47: 66 | AC47: -3.2 | AD47: 68.8
A48: 46082 | B48: 46084 | C48: 广州大区 | D48: 广州喜万佳便利店有限公司 | E48: 淘宝/天猫 | F48: 广东广州 | G48: 47 | H48: classykiss乳业企业店 | I48: https://item.taobao.com/item.htm?id=900329625374 | J48: 卡士宝贝第二餐儿童酸奶（原味、西梅苹果味无蔗糖、4%蔗糖草莓蓝莓树莓味、4%蔗糖山楂六物味）（单袋85g） 单袋 | K48: 10 | L48: 62.8 | M48: 6.6 | N48: 6.28 | O48: 是 | W48: 满20.0减6.0；满20减6；淘金币频道抵扣1%起；店铺券 | 满20减6；店铺券 | 满20减6 | X48: 900329625374 | Y48: 卡士宝贝第二餐酸奶85g儿童酸奶高钙无蔗糖0添加剂控糖宝宝代餐 | Z48: 【8袋】西梅味85g送2袋如图 | AA48: 5756962229193 | AB48: 66 | AC48: -3.2 | AD48: 68.8
A49: 46082 | B49: 46084 | C49: 广州大区 | D49: 广州喜万佳便利店有限公司 | E49: 淘宝/天猫 | F49: 广东广州 | G49: 48 | H49: classykiss乳业企业店 | I49: https://item.taobao.com/item.htm?id=900329625374 | J49: 卡士宝贝第二餐儿童酸奶（原味、西梅苹果味无蔗糖、4%蔗糖草莓蓝莓树莓味、4%蔗糖山楂六物味）（单袋85g） 单袋 | K49: 10 | L49: 62.8 | M49: 6.6 | N49: 6.28 | O49: 是 | W49: 满20.0减6.0；满20减6；淘金币频道抵扣1%起；店铺券 | 满20减6；店铺券 | 满20减6 | X49: 900329625374 | Y49: 卡士宝贝第二餐酸奶85g儿童酸奶高钙无蔗糖0添加剂控糖宝宝代餐 | Z49: 【8袋】草莓味85g送2袋如图 | AA49: 5756962229194 | AB49: 66 | AC49: -3.2 | AD49: 68.8
A50: 46082 | B50: 46084 | C50: 广州大区 | D50: 广州喜万佳便利店有限公司 | E50: 淘宝/天猫 | F50: 广东广州 | G50: 49 | H50: classykiss乳业企业店 | I50: https://item.taobao.com/item.htm?id=900329625374 | J50: 卡士宝贝第二餐儿童酸奶（原味、西梅苹果味无蔗糖、4%蔗糖草莓蓝莓树莓味、4%蔗糖山楂六物味）（单袋85g） 单袋 | K50: 10 | L50: 62.8 | M50: 6.6 | N50: 6.28 | O50: 是 | W50: 满20.0减6.0；满20减6；淘金币频道抵扣1%起；店铺券 | 满20减6；店铺券 | 满20减6 | X50: 900329625374 | Y50: 卡士宝贝第二餐酸奶85g儿童酸奶高钙无蔗糖0添加剂控糖宝宝代餐 | Z50: 【8袋】山楂味85g送2袋如图 | AA50: 5756962229195 | AB50: 66 | AC50: -3.2 | AD50: 68.8
A51: 46082 | B51: 46084 | C51: 无法判定大区 | D51: 未知经销商 | E51: 京东 | G51: 50 | H51: MM 會员店 | I51: https://item.jd.com/10148054852544.html | J51: 卡士餐后一小时原味250g | K51: 10 | L51: 106.96 | M51: =VLOOKUP(J:J,指导价!$A:$B,2,0) -> 10.9 | N51: =L51/K51 -> 10.696 | O51: 是 | U51: 46085 | V51: 未调整 | X51: 10148054852544 | Y51: 卡士酸奶餐后一小时无蔗糖含纤维风味发酵乳低温酸奶250g瓶装 卡士酸奶无蔗糖250g瓶装*10 | Z51: 卡士酸奶餐后一小时无蔗糖含纤维风味发酵乳低温酸奶250g瓶装 卡士酸奶无蔗糖250g瓶装*10 | AA51: 10148054852544 | AB51: =K51*M51 -> 109 | AC51: =L:L-AB:AB -> -2.04
A52: 46082 | B52: 46084 | C52: 鲁豫陕大区 | D52: 未知经销商 | E52: 淘宝/天猫 | F52: 河南 郑州 | G52: 51 | H52: Snacks辛辛优选 | I52: https://item.taobao.com/item.htm?id=989817857117 | J52: 卡士007益生菌家庭装酸奶原味1kg（含港澳版） | K52: 2 | L52: 41.81 | M52: 24.9 | N52: 20.905 | O52: 是 | U52: 46085 | V52: 已下架 | W52: 官方8.8折 | X52: 989817857117 | Y52: 卡士007酸奶0蔗糖添加益生菌低温酸奶1kg饮品营养早餐官方正品 | Z52: 卡士原味1kg/瓶,2瓶 | AA52: 6122387699020 | AB52: 49.8 | AC52: -7.99 | AD52: 47.61
A53: 46082 | B53: 46084 | C53: 鲁豫陕大区 | D53: 未知经销商 | E53: 淘宝/天猫 | F53: 河南 郑州 | G53: 52 | H53: Snacks辛辛优选 | I53: https://item.taobao.com/item.htm?id=989817857117 | J53: 卡士007无蔗糖益生菌家庭装酸奶原味969g 单瓶 | K53: 2 | L53: 43.89 | M53: 24.9 | N53: 21.945 | O53: 是 | U53: 46085 | V53: 已下架 | W53: 官方8.8折 | X53: 989817857117 | Y53: 卡士007酸奶0蔗糖添加益生菌低温酸奶1kg饮品营养早餐官方正品 | Z53: 卡士0蔗糖原味969g/瓶,2瓶 | AA53: 6122387699021 | AB53: 49.8 | AC53: -5.91 | AD53: 49.89
A54: 46082 | B54: 46084 | C54: 鲁豫陕大区 | D54: 未知经销商 | E54: 淘宝/天猫 | F54: 河南 郑州 | G54: 53 | H54: Snacks辛辛优选 | I54: https://item.taobao.com/item.htm?id=989817857117 | J54: 卡士007益生菌家庭装酸奶原味1kg（含港澳版） | K54: 2 | L54: 42.85 | M54: 24.9 | N54: 21.425 | O54: 是 | U54: 46085 | V54: 已下架 | W54: 官方8.8折 | X54: 989817857117 | Y54: 卡士007酸奶0蔗糖添加益生菌低温酸奶1kg饮品营养早餐官方正品 | Z54: 原味1kg+0蔗糖969g,1瓶 | AA54: 6122387699022 | AB54: 49.8 | AC54: -6.95 | AD54: 48.75
A55: 46082 | B55: 46084 | C55: 上海大区 | D55: 上海艾依贝实业有限公司 | E55: 淘宝/天猫 | F55: 上海 | G55: 54 | H55: 艾依贝食品专营店 | I55: https://detail.tmall.com/item.htm?id=993134636772 | J55: 卡士007益生菌家庭装酸奶原味1kg（含港澳版） | K55: 2 | L55: 48.31 | M55: 24.9 | N55: 24.155 | O55: 是 | X55: 993134636772 | Y55: 卡士低温酸奶007益生菌家庭装969g 无蔗糖低温酸奶早餐风味发酵乳 | Z55: 原味（红瓶1Kg）*2瓶 | AA55: 6017147313764 | AB55: 49.8 | AC55: -1.49 | AD55: 49.8 | AE55: 200+
A56: 46082 | B56: 46084 | C56: 上海大区 | D56: 上海艾依贝实业有限公司 | E56: 淘宝/天猫 | F56: 上海 | G56: 55 | H56: 艾依贝食品专营店 | I56: https://detail.tmall.com/item.htm?id=993134636772 | J56: 卡士007益生菌家庭装酸奶原味1kg（含港澳版） | K56: 2 | L56: 48.31 | M56: 24.9 | N56: 24.155 | O56: 是 | X56: 993134636772 | Y56: 卡士低温酸奶007益生菌家庭装969g 无蔗糖低温酸奶早餐风味发酵乳 | Z56: 无蔗糖（蓝瓶969g）*1瓶+原味（红瓶1Kg）*1瓶 | AA56: 6017147313767 | AB56: 49.8 | AC56: -1.49 | AD56: 49.8 | AE56: 200+
A57: 46082 | B57: 46084 | C57: 上海大区 | D57: 上海艾依贝实业有限公司 | E57: 淘宝/天猫 | F57: 上海 | G57: 56 | H57: 艾依贝食品专营店 | I57: https://detail.tmall.com/item.htm?id=993134636772 | J57: 卡士007无蔗糖益生菌家庭装酸奶原味969g 单瓶 | K57: 2 | L57: 48.31 | M57: 24.9 | N57: 24.155 | O57: 是 | X57: 993134636772 | Y57: 卡士低温酸奶007益生菌家庭装969g 无蔗糖低温酸奶早餐风味发酵乳 | Z57: 无蔗糖（蓝瓶969g）*2瓶 | AA57: 6129703166971 | AB57: 49.8 | AC57: -1.49 | AD57: 49.8 | AE57: 200+
A58: 46082 | B58: 46084 | C58: 上海大区 | D58: 上海艾依贝实业有限公司 | E58: 淘宝/天猫 | F58: 上海 | G58: 57 | H58: 艾依贝食品专营店 | I58: https://detail.tmall.com/item.htm?id=1012730331747 | J58: 卡士007无蔗糖益生菌家庭装酸奶原味969g 单瓶 | K58: 2 | L58: 48.31 | M58: 24.9 | N58: 24.155 | O58: 是 | X58: 1012730331747 | Y58: 卡士低温酸奶007益生菌家庭装969g 原味低温酸奶早餐风味发酵乳 | Z58: 0蔗糖（蓝瓶969g）*2瓶 | AA58: 6018459033699 | AB58: 49.8 | AC58: -1.49 | AD58: 49.8 | AE58: 0
A59: 46082 | B59: 46084 | C59: 上海大区 | D59: 上海艾依贝实业有限公司 | E59: 淘宝/天猫 | F59: 上海 | G59: 58 | H59: 艾依贝食品专营店 | I59: https://detail.tmall.com/item.htm?id=1013368170478 | J59: 卡士007益生菌家庭装酸奶原味1kg（含港澳版） | K59: 2 | L59: 48.31 | M59: 24.9 | N59: 24.155 | O59: 是 | X59: 1013368170478 | Y59: 卡士低温酸奶007益生菌家庭装1Kg红瓶原味低温酸奶早餐风味发酵乳 | Z59: 原味（红瓶1Kg）*2瓶 | AA59: 6183483475621 | AB59: 49.8 | AC59: -1.49 | AD59: 49.8 | AE59: 0
A60: 46082 | B60: 46084 | C60: 上海大区 | D60: 未知经销商 | E60: 淘宝/天猫 | F60: 上海 | G60: 59 | H60: 安新点健康生活馆 | I60: https://item.taobao.com/item.htm?id=610172317455 | J60: 卡士餐后一小时原味250g | K60: 24 | L60: 252 | M60: 10.9 | N60: 10.5 | O60: 是 | U60: 46085 | V60: 未调整 | X60: 610172317455 | Y60: 卡士酸牛奶餐后一小时250ml双歧杆菌风味发酵乳250g低温酸奶 | Z60: 餐后一小时250g 24瓶 | AA60: 4388617680285 | AB60: 261.6 | AC60: -9.6 | AD60: 252 | AE60: 0
A61: 46082 | B61: 46084 | C61: 无法判定大区 | D61: 未知经销商 | E61: 淘宝/天猫 | G61: 60 | H61: 百亿补贴 | I61: http://item.taobao.com/item.htm?id=695691210066 | J61: 卡士餐后一小时无蔗糖原味250g | K61: 3 | L61: 31.15 | M61: 10.9 | N61: =L61/K61 -> 10.383333 | O61: 是 | U61: 46084 | V61: 已调整
A62: 46082 | B62: 46086 | C62: 华东大区 | D62: 杭州佳牛科技有限公司 | E62: 淘宝/天猫 | F62: 上海 | G62: 62 | H62: 家家养的牛旗舰店 | I62: https://detail.tmall.com/item.htm?id=768929783909 | J62: 卡士007益生菌酸奶原味440g 单瓶 | K62: 6 | L62: 54.9 | M62: 12.8 | N62: 9.15 | O62: 是 | U62: 46085 | V62: 未调整 | W62: 补贴20元 | X62: 768929783909 | Y62: 卡士007酸奶440g*8瓶小奶罐0蔗糖非脱脂早餐原味酸奶整箱装 | Z62: 原味440g/瓶,6瓶 | AA62: 5711231433794 | AB62: 76.8 | AC62: -21.9 | AD62: 74.9
A63: 46082 | B63: 46086 | C63: 华东大区 | D63: 杭州佳牛科技有限公司 | E63: 淘宝/天猫 | F63: 上海 | G63: 63 | H63: 家家养的牛旗舰店 | I63: https://detail.tmall.com/item.htm?id=768929783909 | J63: 卡士007益生菌酸奶原味440g 单瓶 | K63: 8 | L63: 72.9 | M63: 12.8 | N63: 9.1125 | O63: 是 | U63: 46085 | V63: 未调整 | W63: 补贴20元 | X63: 768929783909 | Y63: 卡士007酸奶440g*8瓶小奶罐0蔗糖非脱脂早餐原味酸奶整箱装 | Z63: 原味440g/瓶,8瓶 | AA63: 6055721962450 | AB63: 102.4 | AC63: -29.5 | AD63: 92.9
A64: 46082 | B64: 46086 | C64: 华东大区 | D64: 杭州佳牛科技有限公司 | E64: 淘宝/天猫 | F64: 上海 | G64: 64 | H64: 家家养的牛旗舰店 | I64: https://detail.tmall.com/item.htm?id=768929783909 | J64: 卡士007无蔗糖益生菌酸奶原味428g 单瓶 | K64: 4 | L64: 39.9 | M64: 12.8 | N64: 9.975 | O64: 是 | U64: 46085 | V64: 未调整 | W64: 补贴20元 | X64: 768929783909 | Y64: 卡士007酸奶440g*8瓶小奶罐0蔗糖非脱脂早餐原味酸奶整箱装 | Z64: 原味0蔗糖428g/瓶,4瓶 | AA64: 5478002367682 | AB64: 51.2 | AC64: -11.3 | AD64: 59.9
A65: 46082 | B65: 46086 | C65: 华东大区 | D65: 杭州佳牛科技有限公司 | E65: 淘宝/天猫 | F65: 上海 | G65: 65 | H65: 家家养的牛旗舰店 | I65: https://detail.tmall.com/item.htm?id=768929783909 | J65: 卡士007无蔗糖益生菌酸奶原味428g 单瓶 | K65: 6 | L65: 55.8 | M65: 12.8 | N65: 9.3 | O65: 是 | U65: 46085 | V65: 未调整 | W65: 补贴20元 | X65: 768929783909 | Y65: 卡士007酸奶440g*8瓶小奶罐0蔗糖非脱脂早餐原味酸奶整箱装 | Z65: 原味0蔗糖428g/瓶,6瓶 | AA65: 5711231433795 | AB65: 76.8 | AC65: -21 | AD65: 75.8
A66: 46082 | B66: 46086 | C66: 华东大区 | D66: 杭州佳牛科技有限公司 | E66: 淘宝/天猫 | F66: 上海 | G66: 66 | H66: 家家养的牛旗舰店 | I66: https://detail.tmall.com/item.htm?id=768929783909 | J66: 卡士007无蔗糖益生菌酸奶原味428g 单瓶 | K66: 8 | L66: 74.5 | M66: 12.8 | N66: 9.3125 | O66: 是 | U66: 46085 | V66: 未调整 | W66: 补贴20元 | X66: 768929783909 | Y66: 卡士007酸奶440g*8瓶小奶罐0蔗糖非脱脂早餐原味酸奶整箱装 | Z66: 原味0蔗糖428g/瓶,8瓶 | AA66: 6055721962449 | AB66: 102.4 | AC66: -27.9 | AD66: 94.5
A67: 46082 | B67: 46086 | C67: 华东大区 | D67: 杭州佳牛科技有限公司 | E67: 淘宝/天猫 | F67: 上海 | G67: 67 | H67: 家家养的牛旗舰店 | I67: https://detail.tmall.com/item.htm?id=768929783909 | J67: 卡士007益生菌酸奶原味440g 单瓶 | K67: 4 | L67: 39.9 | M67: 12.8 | N67: 9.975 | O67: 是 | U67: 46085 | V67: 未调整 | W67: 补贴20元 | X67: 768929783909 | Y67: 卡士007酸奶440g*8瓶小奶罐0蔗糖非脱脂早餐原味酸奶整箱装 | Z67: 440g+428g混合装,4瓶 | AA67: 5478002367683 | AB67: 51.2 | AC67: -11.3 | AD67: 59.9
A68: 46082 | B68: 46086 | C68: 华东大区 | D68: 杭州佳牛科技有限公司 | E68: 淘宝/天猫 | F68: 上海 | G68: 68 | H68: 家家养的牛旗舰店 | I68: https://detail.tmall.com/item.htm?id=768929783909 | J68: 卡士007益生菌酸奶原味440g 单瓶 | K68: 6 | L68: 55.8 | M68: 12.8 | N68: 9.3 | O68: 是 | U68: 46085 | V68: 未调整 | W68: 补贴20元 | X68: 768929783909 | Y68: 卡士007酸奶440g*8瓶小奶罐0蔗糖非脱脂早餐原味酸奶整箱装 | Z68: 440g+428g混合装,6瓶 | AA68: 5711231433796 | AB68: 76.8 | AC68: -21 | AD68: 75.8
A69: 46082 | B69: 46086 | C69: 华东大区 | D69: 杭州佳牛科技有限公司 | E69: 淘宝/天猫 | F69: 上海 | G69: 69 | H69: 家家养的牛旗舰店 | I69: https://detail.tmall.com/item.htm?id=768929783909 | J69: 卡士007益生菌酸奶原味440g 单瓶 | K69: 8 | L69: 74.5 | M69: 12.8 | N69: 9.3125 | O69: 是 | U69: 46085 | V69: 未调整 | W69: 补贴20元 | X69: 768929783909 | Y69: 卡士007酸奶440g*8瓶小奶罐0蔗糖非脱脂早餐原味酸奶整箱装 | Z69: 440g+428g混合装,8瓶 | AA69: 6055721962451 | AB69: 102.4 | AC69: -27.9 | AD69: 94.5
A70: 46082 | B70: 46086 | C70: 华东大区 | D70: 杭州佳牛科技有限公司 | E70: 淘宝/天猫 | F70: 江苏南京 | G70: 70 | H70: 尚百汇食品专营店 | I70: https://detail.tmall.com/item.htm?id=891929308614 | J70: 卡士007益生菌酸奶原味440g 单瓶 | K70: 5 | L70: 49.9 | M70: 12.8 | N70: 9.98 | O70: 是 | U70: 46085 | V70: 未调整 | W70: 补贴25元 | X70: 891929308614 | Y70: 卡士007酸奶440g*6瓶小奶罐无蔗糖非脱脂早餐原味酸奶整箱装 | Z70: 007酸奶440g*5罐 【有糖】 | AA70: 5899768757512 | AB70: 64 | AC70: -14.1 | AD70: 74.9
A71: 46082 | B71: 46086 | C71: 华东大区 | D71: 杭州佳牛科技有限公司 | E71: 淘宝/天猫 | F71: 江苏南京 | G71: 71 | H71: 尚百汇食品专营店 | I71: https://detail.tmall.com/item.htm?id=891929308614 | J71: 卡士007益生菌酸奶原味440g 单瓶 | K71: 5 | L71: 49.9 | M71: 12.8 | N71: 9.98 | O71: 是 | U71: 46085 | V71: 未调整 | W71: 补贴25元 | X71: 891929308614 | Y71: 卡士007酸奶440g*6瓶小奶罐无蔗糖非脱脂早餐原味酸奶整箱装 | Z71: 007酸奶428g*5罐【 无糖】 | AA71: 5899768757513 | AB71: 64 | AC71: -14.1 | AD71: 74.9
A72: 46082 | B72: 46086 | C72: 华东大区 | D72: 杭州佳牛科技有限公司 | E72: 淘宝/天猫 | F72: 江苏南京 | G72: 72 | H72: 尚百汇食品专营店 | I72: https://detail.tmall.com/item.htm?id=891929308614 | J72: 卡士007益生菌酸奶原味440g 单瓶 | K72: 5 | L72: 49.9 | M72: 12.8 | N72: 9.98 | O72: 是 | U72: 46085 | V72: 未调整 | W72: 补贴25元 | X72: 891929308614 | Y72: 卡士007酸奶440g*6瓶小奶罐无蔗糖非脱脂早餐原味酸奶整箱装 | Z72: 有糖3罐 +无糖2罐 | AA72: 5899768757514 | AB72: 64 | AC72: -14.1 | AD72: 74.9
A73: 46082 | B73: 46086 | C73: 华东大区 | D73: 杭州佳牛科技有限公司 | E73: 淘宝/天猫 | F73: 江苏南京 | G73: 73 | H73: 尚百汇食品专营店 | I73: https://detail.tmall.com/item.htm?id=891929308614 | J73: 卡士007益生菌酸奶原味440g 单瓶 | K73: 6 | L73: 54.9 | M73: 12.8 | N73: 9.15 | O73: 是 | U73: 46085 | V73: 未调整 | W73: 补贴25元 | X73: 891929308614 | Y73: 卡士007酸奶440g*6瓶小奶罐无蔗糖非脱脂早餐原味酸奶整箱装 | Z73: 007酸奶440g*6罐 【有糖】 | AA73: 5899768757515 | AB73: 76.8 | AC73: -21.9 | AD73: 79.9
... A88: 46082 | B88: 46086 | C88: 华中大区 | D88: 未知经销商 | E88: 淘宝/天猫 | F88: 湖北 武汉 | G88: 88 | H88: 柒捌玖乳品专营店 | I88: https://item.taobao.com/item.htm?id=1002462189563 | J88: 卡士断糖日记无蔗糖原味130g 单瓶 | K88: 16 | L88: 84.7 | M88: 7.4 | N88: 5.29375 | O88: 是 | U88: 46085 | V88: 已调整 | W88: 补贴20元 | X88: 1002462189563 | Y88: 卡士0蔗糖0乳糖酸奶断糖日记130g*8杯装原味椰子味低GI认证低温 | Z88: 原味*8+椰子味*8,16杯 | AA88: 6156279194940 | AB88: 118.4 | AC88: -33.7 | AD88: 104.7
A89: 46082 | B89: 46084 | C89: 广州大区 | D89: 广州喜万佳便利店有限公司 | E89: 京东 | G89: 89 | H89: 柏赞食品甄选店 | I89: https://item.jd.com/10175735583817.html | J89: 卡士餐后一小时原味250g | K89: 12 | L89: 120 | M89: 10.9 | N89: 10 | O89: 是 | X89: 10175735583817 | Y89: 卡士（CLASSY.KISS）活菌奶200ml益生菌原味酸奶生牛乳风味发酵乳孕妇儿童学生早餐奶 【8瓶】餐后一小时0蔗糖250g | Z89: 卡士（CLASSY.KISS）活菌奶200ml益生菌原味酸奶生牛乳风味发酵乳孕妇儿童学生早餐奶 【8瓶】餐后一小时0蔗糖250g | AA89: 10175735583817 | AB89: 130.8 | AC89: -10.8
A90: 46082 | B90: 46084 | C90: 广州大区 | D90: 广州喜万佳便利店有限公司 | E90: 淘宝/天猫 | F90: 广东 广州 | G90: 90 | H90: 柏赞食品臻选店 | I90: https://item.taobao.com/item.htm?id=643929888992 | J90: 卡士断糖日记无蔗糖原味130g 单瓶 | K90: 8 | L90: 57.2 | M90: 7.4 | N90: 7.15 | O90: 是 | X90: 643929888992 | Y90: 卡士酸奶断糖日记130g原味椰子味发酵乳益生菌高钙0蔗糖控糖代餐 | Z90: 口味:【礼盒装】8杯断糖日记原味130g | AA90: 5356011260783 | AB90: 59.2 | AC90: -2 | AD90: 57.2
A91: 46082 | B91: 46084 | C91: 广州大区 | D91: 广州喜万佳便利店有限公司 | E91: 淘宝/天猫 | F91: 广东 广州 | G91: 91 | H91: 柏赞食品臻选店 | I91: https://item.taobao.com/item.htm?id=643929888992 | J91: 卡士断糖日记无蔗糖原味130g 单瓶 | K91: 8 | L91: 57.2 | M91: 7.4 | N91: 7.15 | O91: 是 | X91: 643929888992 | Y91: 卡士酸奶断糖日记130g原味椰子味发酵乳益生菌高钙0蔗糖控糖代餐 | Z91: 口味:【8杯】断糖日记原味130g | AA91: 5356011260782 | AB91: 59.2 | AC91: -2 | AD91: 57.2
A92: 46082 | B92: 46084 | C92: 广州大区 | D92: 广州喜万佳便利店有限公司 | E92: 淘宝/天猫 | F92: 广东 广州 | G92: 92 | H92: 柏赞食品臻选店 | I92: https://item.taobao.com/item.htm?id=643929888992 | J92: 卡士007无蔗糖益生菌酸奶原味428g 单瓶 | K92: 6 | L92: 57.2 | M92: 9.9 | N92: 9.5333333 | O92: 是 | X92: 643929888992 | Y92: 卡士酸奶断糖日记130g原味椰子味发酵乳益生菌高钙0蔗糖控糖代餐 | Z92: 口味:【6瓶】小奶罐0蔗糖428g | AA92: 5978129085614 | AB92: 59.4 | AC92: -2.2 | AD92: 57.2
A93: 46082 | B93: 46084 | C93: 广州大区 | D93: 广州喜万佳便利店有限公司 | E93: 淘宝/天猫 | F93: 广东 广州 | G93: 93 | H93: 柏赞食品臻选店 | I93: https://item.taobao.com/item.htm?id=643929888992 | J93: 卡士宝贝第二餐儿童酸奶（原味、西梅苹果味无蔗糖、4%蔗糖草莓蓝莓树莓味、4%蔗糖山楂六物味）（单袋85g） 单袋 | K93: 12 | L93: 71.5 | M93: 6.6 | N93: 5.9583333 | O93: 是 | X93: 643929888992 | Y93: 卡士酸奶断糖日记130g原味椰子味发酵乳益生菌高钙0蔗糖控糖代餐 | Z93: 口味:【12袋】宝贝第二餐原味85g | AA93: 6148189550305 | AB93: 79.2 | AC93: -7.7 | AD93: 71.5
A94: 46082 | B94: 46084 | C94: 广州大区 | D94: 广州喜万佳便利店有限公司 | E94: 淘宝/天猫 | F94: 广东 广州 | G94: 94 | H94: 柏赞食品臻选店 | I94: https://item.taobao.com/item.htm?id=643929888992 | J94: 卡士断糖日记无蔗糖原味130g 单瓶 | K94: 12 | L94: 85.8 | M94: 7.4 | N94: 7.15 | O94: 是 | X94: 643929888992 | Y94: 卡士酸奶断糖日记130g原味椰子味发酵乳益生菌高钙0蔗糖控糖代餐 | Z94: 口味:【12杯】断糖日记原味130g | AA94: 5356011260784 | AB94: 88.8 | AC94: -3 | AD94: 85.8
A95: 46082 | B95: 46084 | C95: 广州大区 | D95: 广州喜万佳便利店有限公司 | E95: 淘宝/天猫 | F95: 广东 广州 | G95: 95 | H95: 柏赞食品臻选店 | I95: https://item.taobao.com/item.htm?id=643929888992 | J95: 卡士断糖日记无蔗糖原味130g 单瓶 | K95: 12 | L95: 85.8 | M95: 7.4 | N95: 7.15 | O95: 是 | X95: 643929888992 | Y95: 卡士酸奶断糖日记130g原味椰子味发酵乳益生菌高钙0蔗糖控糖代餐 | Z95: 口味:【12杯】断糖日记椰子味130g | AA95: 5920837538127 | AB95: 88.8 | AC95: -3 | AD95: 85.8
A96: 46082 | B96: 46084 | C96: 广州大区 | D96: 广州喜万佳便利店有限公司 | E96: 淘宝/天猫 | F96: 广东 广州 | G96: 96 | H96: 柏赞食品臻选店 | I96: https://item.taobao.com/item.htm?id=643929888992 | J96: 卡士断糖日记无蔗糖原味130g 单瓶 | K96: 12 | L96: 85.8 | M96: 7.4 | N96: 7.15 | O96: 是 | X96: 643929888992 | Y96: 卡士酸奶断糖日记130g原味椰子味发酵乳益生菌高钙0蔗糖控糖代餐 | Z96: 口味:【12杯】断糖日记两口味组合各六杯 | AA96: 5920837538124 | AB96: 88.8 | AC96: -3 | AD96: 85.8
A97: 46082 | B97: 46084 | C97: 广州大区 | D97: 广州喜万佳便利店有限公司 | E97: 淘宝/天猫 | F97: 广东 广州 | G97: 97 | H97: 柏赞食品臻选店 | I97: https://item.taobao.com/item.htm?id=631273015044 | J97: 卡士餐后一小时无蔗糖原味250g | K97: 8 | L97: 80.31 | M97: 10.9 | N97: 10.03875 | O97: 是 | X97: 631273015044 | Y97: 卡士酸奶餐后一小时250g双歧杆菌原味发酵乳益生菌膳食纤维早餐奶 | Z97: 口味:【8瓶】餐后一小时0蔗糖250g | AA97: 5537827503236 | AB97: 87.2 | AC97: -6.89 | AD97: 80.31
A98: 46082 | B98: 46084 | C98: 广州大区 | D98: 广州喜万佳便利店有限公司 | E98: 淘宝/天猫 | F98: 广东 广州 | G98: 98 | H98: 柏赞食品臻选店 | I98: https://item.taobao.com/item.htm?id=631273015044 | J98: 卡士餐后一小时原味250g | K98: 8 | L98: 80.31 | M98: 10.9 | N98: 10.03875 | O98: 是 | X98: 631273015044 | Y98: 卡士酸奶餐后一小时250g双歧杆菌原味发酵乳益生菌膳食纤维早餐奶 | Z98: 口味:【8瓶】餐后一小时原味250g | AA98: 5537827503237 | AB98: 87.2 | AC98: -6.89 | AD98: 80.31
A99: 46082 | B99: 46084 | C99: 华北大区 | D99: 未知经销商 | E99: 淘宝/天猫 | F99: 北京 | G99: 99 | H99: 北京万腾牛奶超市 | I99: https://item.taobao.com/item.htm?id=670328431012 | J99: 卡士007益生菌家庭装酸奶原味1kg（含港澳版） | K99: 2 | L99: 46.8 | M99: 24.9 | N99: 23.4 | O99: 是 | U99: 46085 | V99: 未调整 | W99: 商品券满3.01减3；满2件9.5折 | X99: 670328431012 | Y99: 卡士酸奶家庭装酸奶原味1kg瓶装0添加7种益生菌低温酸奶 | Z99: 卡士家庭装1kg*2瓶 | AA99: 4821838129875 | AB99: 49.8 | AC99: -3 | AD99: 49.8 | AE99: 100+
A100: 46082 | B100: 46084 | C100: 华北大区 | D100: 未知经销商 | E100: 淘宝/天猫 | F100: 北京 | G100: 100 | H100: 北京万腾牛奶超市 | I100: https://item.taobao.com/item.htm?id=670328431012 | J100: 卡士007益生菌家庭装酸奶原味1kg（含港澳版） | K100: 3 | L100: 66.8 | M100: 24.9 | N100: 22.266667 | O100: 是 | U100: 46085 | V100: 未调整 | W100: 商品券满3.01减3；满2件9.5折 | X100: 670328431012 | Y100: 卡士酸奶家庭装酸奶原味1kg瓶装0添加7种益生菌低温酸奶 | Z100: 卡士家庭装1kg*3瓶 | AA100: 4821838129876 | AB100: 74.7 | AC100: -7.9 | AD100: 69.8 | AE100: 100+
A101: 46082 | B101: 46084 | C101: 华北大区 | D101: 未知经销商 | E101: 淘宝/天猫 | F101: 北京 | G101: 101 | H101: 北京万腾牛奶超市 | I101: https://item.taobao.com/item.htm?id=670328431012 | J101: 卡士007益生菌家庭装酸奶原味1kg（含港澳版） | K101: 4 | L101: 88.8 | M101: 24.9 | N101: 22.2 | O101: 是 | U101: 46085 | V101: 未调整 | W101: 商品券满3.01减3；满2件9.5折 | X101: 670328431012 | Y101: 卡士酸奶家庭装酸奶原味1kg瓶装0添加7种益生菌低温酸奶 | Z101: 卡士家庭装1kg*4瓶 | AA101: 4821838129877 | AB101: 99.6 | AC101: -10.8 | AD101: 91.8 | AE101: 100+
A102: 46082 | B102: 46084 | C102: 华北大区 | D102: 未知经销商 | E102: 淘宝/天猫 | F102: 北京 | G102: 102 | H102: 北京万腾牛奶超市 | I102: https://item.taobao.com/item.htm?id=973841775869 | J102: 卡士断糖日记无蔗糖原味130g 单瓶 | K102: 8 | L102: 59 | M102: 7.4 | N102: 7.375 | O102: 是 | U102: 46085 | V102: 未调整 | X102: 973841775869 | Y102: 卡士酸奶断糖日记0蔗糖无添加剂健身无蔗糖代餐孕妇儿童营养早餐 | Z102: 卡士断糖日记*8杯 | AA102: 6093921459359 | AB102: 59.2 | AC102: -0.2 | AD102: 59 | AE102: 8
A103: 46082 | B103: 46084 | C103: 华北大区 | D103: 未知经销商 | E103: 淘宝/天猫 | F103: 北京 | G103: 103 | H103: 北京万腾牛奶超市 | I103: https://item.taobao.com/item.htm?id=973841775869 | J103: 卡士断糖日记无蔗糖原味130g 单瓶 | K103: 12 | L103: 79.8 | M103: 7.4 | N103: 6.65 | O103: 是 | U103: 46085 | V103: 未调整 | X103: 973841775869 | Y103: 卡士酸奶断糖日记0蔗糖无添加剂健身无蔗糖代餐孕妇儿童营养早餐 | Z103: 卡士断糖日记*12杯 | AA103: 6093921459360 | AB103: 88.8 | AC103: -9 | AD103: 79.8 | AE103: 8
A104: 46082 | B104: 46084 | C104: 华北大区 | D104: 未知经销商 | E104: 淘宝/天猫 | F104: 北京 | G104: 104 | H104: 北京万腾牛奶超市 | I104: https://item.taobao.com/item.htm?id=975061881895 | J104: 卡士断糖日记无蔗糖原味130g 单瓶 | K104: 8 | L104: 59 | M104: 7.4 | N104: 7.375 | O104: 是 | U104: 46085 | V104: 未调整 | X104: 975061881895 | Y104: 卡士酸奶断糖日记无蔗糖风味发酵乳130g无添加剂无代糖低温酸奶 | Z104: 断糖日记*8杯【京东快递】 | AA104: 6093921527681 | AB104: 59.2 | AC104: -0.2 | AD104: 59 | AE104: 11
A105: 46082 | B105: 46084 | C105: 华北大区 | D105: 未知经销商 | E105: 淘宝/天猫 | F105: 北京 | G105: 105 | H105: 北京万腾牛奶超市 | I105: https://item.taobao.com/item.htm?id=975061881895 | J105: 卡士断糖日记无蔗糖原味130g 单瓶 | K105: 12 | L105: 79.8 | M105: 7.4 | N105: 6.65 | O105: 是 | U105: 46085 | V105: 未调整 | X105: 975061881895 | Y105: 卡士酸奶断糖日记无蔗糖风味发酵乳130g无添加剂无代糖低温酸奶 | Z105: 断糖日记*12杯【京东快递】 | AA105: 6093921527682 | AB105: 88.8 | AC105: -9 | AD105: 79.8 | AE105: 11
A106: 46082 | B106: 46084 | C106: 华北大区 | D106: 未知经销商 | E106: 淘宝/天猫 | F106: 北京 | G106: 106 | H106: 北京万腾牛奶超市 | I106: https://item.taobao.com/item.htm?id=676562183952 | J106: 卡士断糖日记无蔗糖原味130g 单瓶 | K106: 8 | L106: 59 | M106: 7.4 | N106: 7.375 | O106: 是 | U106: 46085 | V106: 未调整 | X106: 676562183952 | Y106: 卡士酸奶断糖日记0蔗糖无添加剂健身无蔗糖代餐孕妇儿童营养早餐 | Z106: 卡士断糖日记*8杯 | AA106: 4856365244131 | AB106: 59.2 | AC106: -0.2 | AD106: 59 | AE106: 800+
A107: 46082 | B107: 46084 | C107: 华北大区 | D107: 未知经销商 | E107: 淘宝/天猫 | F107: 北京 | G107: 107 | H107: 北京万腾牛奶超市 | I107: https://item.taobao.com/item.htm?id=676562183952 | J107: 卡士断糖日记无蔗糖原味130g 单瓶 | K107: 12 | L107: 79.8 | M107: 7.4 | N107: 6.65 | O107: 是 | U107: 46085 | V107: 未调整 | X107: 676562183952 | Y107: 卡士酸奶断糖日记0蔗糖无添加剂健身无蔗糖代餐孕妇儿童营养早餐 | Z107: 卡士断糖日记*12杯 | AA107: 4856365244132 | AB107: 88.8 | AC107: -9 | AD107: 79.8 | AE107: 800+
A108: 46082 | B108: 46084 | C108: 华北大区 | D108: 乡圣竹 | E108: 拼多多 | G108: 108 | H108: 草原牧场 | I108: https://mobile.yangkeduo.com/goods2.html?ps=mB82nVQnNk | J108: 卡士吃酸大果粒风味发酵乳系列(黄桃、酸木瓜、粉芭乐）3联 | K108: 1 | L108: 30 | M108: =VLOOKUP(J:J,指导价!A:B,2,0) -> 32.9 | N108: 30 | O108: 是 | AB108: 32.9 | AC108: -8.4
A109: 46082 | B109: 46084 | C109: 无法判定大区 | D109: 未知经销商 | E109: 拼多多 | G109: 109 | H109: 超美味商行 | I109: https://mobile.yangkeduo.com/goods1.html?ps=xjjjICBAs0 | J109: 卡士007益生菌家庭装酸奶原味1kg（含港澳版） | K109: 2 | L109: 35.9 | M109: =VLOOKUP(J:J,指导价!A:B,2,0) -> 24.9 | N109: 17.95 | O109: 是 | U109: 46087 | V109: 已调整 | AB109: 49.8 | AC109: -13.9
A110: 46082 | B110: 46084 | C110: 无法判定大区 | D110: 未知经销商 | E110: 拼多多 | G110: 110 | H110: 超美味商行 | I110: https://mobile.yangkeduo.com/goods1.html?ps=0eGNT9LNjP | J110: 卡士宝贝第二餐儿童酸奶（原味、西梅苹果味无蔗糖、4%蔗糖草莓蓝莓树莓味、4%蔗糖山楂六物味）（单袋85g） 单袋 | K110: 10 | L110: 48.4 | M110: =VLOOKUP(J:J,指导价!A:B,2,0) -> 6.6 | N110: 4.84 | O110: 是 | U110: 46087 | AB110: 66 | AC110: -17.6
A111: 46082 | B111: 46084 | C111: 无法判定大区 | D111: 未知经销商 | E111: 拼多多 | G111: 111 | H111: 超美味商行 | I111: https://mobile.yangkeduo.com/goods.html?ps=xKiY0Pp8lq | J111: 卡士宝贝第二餐儿童酸奶（原味、西梅苹果味无蔗糖、4%蔗糖草莓蓝莓树莓味、4%蔗糖山楂六物味）（单袋85g） 单袋 | K111: 12 | L111: 55.5 | M111: =VLOOKUP(J:J,指导价!A:B,2,0) -> 6.6 | N111: 4.625 | O111: 是 | U111: 46087 | AB111: 79.2 | AC111: -23.7
A112: 46082 | B112: 46084 | C112: 无法判定大区 | D112: 未知经销商 | E112: 拼多多 | G112: 112 | H112: 超美味商行 | I112: https://mobile.yangkeduo.com/goods.html?ps=c4I3ssTjYE | J112: 卡士宝贝第二餐儿童酸奶（原味、西梅苹果味无蔗糖、4%蔗糖草莓蓝莓树莓味、4%蔗糖山楂六物味）（单袋85g） 单袋 | K112: 12 | L112: 55.5 | M112: =VLOOKUP(J:J,指导价!A:B,2,0) -> 6.6 | N112: 4.625 | O112: 是 | U112: 46087 | AB112: 79.2 | AC112: -23.7
A113: 46082 | B113: 46084 | C113: 无法判定大区 | D113: 未知经销商 | E113: 拼多多 | G113: 113 | H113: 超美味商行 | I113: https://mobile.yangkeduo.com/goods.html?ps=vsqQXcTTZ8 | J113: 卡士宝贝第二餐儿童酸奶（原味、西梅苹果味无蔗糖、4%蔗糖草莓蓝莓树莓味、4%蔗糖山楂六物味）（单袋85g） 单袋 | K113: 6 | L113: 31.5 | M113: =VLOOKUP(J:J,指导价!A:B,2,0) -> 6.6 | N113: 5.25 | O113: 是 | U113: 46087 | AB113: 39.6 | AC113: -8.1
A114: 46082 | B114: 46084 | C114: 无法判定大区 | D114: 未知经销商 | E114: 拼多多 | G114: 114 | H114: 超美味商行 | I114: https://mobile.yangkeduo.com/goods2.html?ps=ddC74IjGpv | J114: 卡士宝贝第二餐儿童酸奶（原味、西梅苹果味无蔗糖、4%蔗糖草莓蓝莓树莓味、4%蔗糖山楂六物味）（单袋85g） 单袋 | K114: 6 | L114: 31.5 | M114: =VLOOKUP(J:J,指导价!A:B,2,0) -> 6.6 | N114: 5.25 | O114: 是 | U114: 46087 | AB114: 39.6 | AC114: -8.1
...

Sheet 餐后违规链接
A1: 年月 | B1: 核检日期 | C1: 所属大区 | D1: 更新经销商 | E1: 平台名称 | F1: 发货地区 | G1: 店铺名称 | H1: 商品链接 | I1: 型号 | J1: 数量 | K1: 平台促销价 | L1: 2026年1月促销价格指引 | M1: 售卖单价 （PC） | N1: 促销价是否比红线价低 | O1: 处理大区 | P1: 负责人 | Q1: 整改时间 | R1: 反馈整改图片 | S1: 谁处理问题 | T1: 处理时间 | U1: 处理结果 | V1: 优惠信息 | W1: 商品ID | X1: spu名称 | Y1: sku描述 | Z1: skuid | AA1: 换算价 | AB1: 差价 | AC1: 正常价 | AD1: 销量
A2: 46054 | B2: 46077 | C2: 无法判定大区 | D2: 未知经销商 | E2: 京东 | G2: 玲柔好物店 | H2: http://item.jd.com/10177000430970.html | I2: 卡士餐后一小时原味250g | J2: 3 | K2: 25.7 | L2: 10.9 | M2: 8.5666667 | N2: 是 | T2: 46079 | U2: 已调整 | W2: 10177000430970 | X2: 卡士（CLASSY.KISS）CLASSYKISS 卡士零糖酸奶原味250g3瓶餐后一小时益生菌低温学生奶 0糖餐后一小时250g*1瓶保质 | Y2: 卡士（CLASSY.KISS）CLASSYKISS 卡士零糖酸奶原味250g3瓶餐后一小时益生菌低温学生奶 0糖餐后一小时250g*1瓶保质 | Z2: 10177000430970 | AA2: 32.7 | AB2: -7
A3: 46054 | B3: 46077 | C3: 广州大区 | D3: 广州喜万佳便利店有限公司 | E3: 京东 | G3: 喜万佳甄选店 | H3: http://item.jd.com/10176874331798.html | I3: 卡士餐后一小时原味250g | J3: 8 | K3: 85.8 | L3: 10.9 | M3: 10.725 | N3: 是 | W3: 10176874331798 | X3: 卡士007无蔗糖969g家庭装益生菌风味发酵乳0蔗糖原味全脂早餐奶大瓶装 【8瓶】餐后一小时0蔗糖250g | Y3: 卡士007无蔗糖969g家庭装益生菌风味发酵乳0蔗糖原味全脂早餐奶大瓶装 【8瓶】餐后一小时0蔗糖250g | Z3: 10176874331798 | AA3: 87.2 | AB3: -1.4
A4: 46054 | B4: 46077 | C4: 广州大区 | D4: 广州喜万佳便利店有限公司 | E4: 京东 | G4: 柏赞食品甄选店 | H4: http://item.jd.com/10175773352591.html | I4: 卡士餐后一小时原味250g | J4: 10 | K4: 93.8 | L4: 10.9 | M4: 9.38 | N4: 是 | W4: 10175773352591 | X4: 卡士（CLASSY.KISS）活菌奶720ml低温原味酸奶益生菌生牛乳风味发酵乳孕妇学生酸牛奶 【8瓶】餐后一小时0蔗糖250g | Y4: 卡士（CLASSY.KISS）活菌奶720ml低温原味酸奶益生菌生牛乳风味发酵乳孕妇学生酸牛奶 【8瓶】餐后一小时0蔗糖250g | Z4: 10175773352591 | AA4: 109 | AB4: -15.2
A5: 46054 | B5: 46077 | C5: 无法判定大区 | D5: 未知经销商 | E5: 京东 | G5: 沃途食品店 | H5: http://item.jd.com/10161032513827.html | I5: 卡士餐后一小时原味250g | J5: 8 | K5: 67.5 | L5: 10.9 | M5: 8.4375 | N5: 是 | T5: 46079 | U5: 已调整 | W5: 10161032513827 | X5: 卡士（CLASSY.KISS）酸奶餐后一小时发酵乳250g*12瓶原味营养双歧杆菌风味发酵乳 餐后一小时原味 3瓶 | Y5: 卡士（CLASSY.KISS）酸奶餐后一小时发酵乳250g*12瓶原味营养双歧杆菌风味发酵乳 餐后一小时原味 3瓶 | Z5: 10161032513827 | AA5: 87.2 | AB5: -19.7
A6: 46054 | B6: 46077 | C6: 广州大区 | D6: 广州喜万佳便利店有限公司 | E6: 京东 | G6: 柏赞食品甄选店 | H6: http://item.jd.com/10175735583817.html | I6: 卡士餐后一小时原味250g | J6: 12 | K6: 93.8 | L6: 10.9 | M6: 7.8166667 | N6: 是 | W6: 10175735583817 | X6: 卡士（CLASSY.KISS）活菌奶200ml益生菌原味酸奶生牛乳风味发酵乳孕妇儿童学生早餐奶 【8瓶】餐后一小时0蔗糖250g | Y6: 卡士（CLASSY.KISS）活菌奶200ml益生菌原味酸奶生牛乳风味发酵乳孕妇儿童学生早餐奶 【8瓶】餐后一小时0蔗糖250g | Z6: 10175735583817 | AA6: 130.8 | AB6: -37
A7: 46054 | B7: 46077 | C7: 广州大区 | D7: 广州喜万佳便利店有限公司 | E7: 京东 | G7: 柏赞食品甄选店 | H7: http://item.jd.com/10209012482164.html | I7: 卡士餐后一小时原味250g | J7: 8 | K7: 78.8 | L7: 10.9 | M7: 9.85 | N7: 是 | W7: 10209012482164 | X7: 卡士（CLASSY.KISS）0蔗糖餐后一小时发酵乳250g原味酸奶益生菌酸牛奶孕妇白领早餐奶 【8瓶】AD钙牛油果味210g | Y7: 卡士（CLASSY.KISS）0蔗糖餐后一小时发酵乳250g原味酸奶益生菌酸牛奶孕妇白领早餐奶 【8瓶】AD钙牛油果味210g | Z7: 10209012482164 | AA7: 87.2 | AB7: -8.4
A8: 46054 | B8: 46077 | C8: 广州大区 | D8: 未知经销商 | E8: 淘宝/天猫 | F8: 广东东莞 | G8: 牛奶饮品批发商行 | H8: https://item.taobao.com/item.htm?id=977418776358 | I8: 卡士餐后一小时原味250g | J8: 8 | K8: 77 | L8: 10.9 | M8: 9.625 | N8: 是 | T8: 46080 | U8: 已调整 | V8: 店铺新客减11元 | W8: 977418776358 | X8: 卡士酸奶餐后一小时原味/0蔗糖风味发酵乳250g *8瓶低温酸奶整箱 | Y8: 8瓶】餐后原味 | Z8: 6096058190227 | AA8: 87.2 | AB8: -10.2
A9: 46054 | B9: 46077 | C9: 广州大区 | D9: 未知经销商 | E9: 淘宝/天猫 | F9: 广东东莞 | G9: classykiss卡士宫荼专卖店 | H9: https://detail.tmall.com/item.htm?id=969375047856 | I9: 卡士餐后一小时原味250g | J9: 24 | K9: 260 | L9: 10.9 | M9: 10.833333 | N9: 是 | T9: 46081 | U9: 未调整 | W9: 969375047856 | X9: 卡士酸奶餐后一小时风味发酵乳益生菌酸奶整箱250g*8瓶 | Y9: 24瓶】有甜味餐后一小时 | Z9: 6084922134156 | AA9: 261.6 | AB9: -1.6
A10: 46054 | B10: 46077 | C10: 深圳大区 | D10: 广东省莞诚贸易有限公司 | E10: 淘宝/天猫 | F10: 广东 东莞 | G10: 光明酸奶品牌店 | H10: https://item.taobao.com/item.htm?id=892081816033 | I10: 卡士餐后一小时原味250g | J10: 24 | K10: 260 | L10: 10.9 | M10: 10.833333 | N10: 是 | W10: 892081816033 | X10: 卡士酸奶餐后一小时风味发酵乳低温酸奶早餐奶250g/瓶 | Y10: 24瓶】餐后一小时原味 | Z10: 5906142599072 | AA10: 261.6 | AB10: -1.6
A11: 46054 | B11: 46077 | C11: 广州大区 | D11: 未知经销商 | E11: 淘宝/天猫 | F11: 广东广州 | G11: 依然食品企业店 | H11: https://item.taobao.com/item.htm?id=761549088087 | I11: 卡士餐后一小时原味250g | J11: 8 | K11: 76.5 | L11: 10.9 | M11: 9.5625 | N11: 是 | T11: 46079 | U11: 已调整 | V11: 官方立减12%省11.3元；店铺券满20减6；满2件9.5折 | W11: 761549088087 | X11: 卡士酸奶餐后一小时250g双歧杆菌风味发酵乳益生菌原味全脂早餐奶 | Y11: 【8瓶】餐后一小时原味250g | Z11: 5796901468137 | AA11: 87.2 | AB11: -10.7
A12: 46054 | B12: 46077 | C12: 广州大区 | D12: 未知经销商 | E12: 淘宝/天猫 | F12: 广东东莞 | G12: classykiss卡士宫荼专卖店 | H12: https://detail.tmall.com/item.htm?id=892370854388 | I12: 卡士餐后一小时原味250g | J12: 8 | K12: 84 | L12: 10.9 | M12: 10.5 | N12: 是 | T12: 46080 | U12: 已调整 | V12: 店铺新客减4元 | W12: 892370854388 | X12: 卡士酸奶餐后一小时风味发酵乳益生菌酸奶整箱250g*8瓶 | Y12: 8瓶】有甜味餐后一小时 | Z12: 5907167610155 | AA12: 87.2 | AB12: -3.2
A13: 46054 | B13: 46077 | C13: 广州大区 | D13: 广州喜万佳便利店有限公司 | E13: 淘宝/天猫 | F13: 广东广州 | G13: 喜萬佳超市 | H13: https://item.taobao.com/item.htm?id=542493877185 | I13: 卡士餐后一小时原味250g | J13: 8 | K13: 76.5 | L13: 10.9 | M13: 9.5625 | N13: 是 | V13: 官方立减12%省11.3元；店铺券满20减6；满2件9.5折 | W13: 542493877185 | X13: 卡士酸奶餐后一小时250g双歧杆菌风味发酵乳益生菌原味全脂早餐奶 | Y13: 【8瓶】餐后一小时0蔗糖250g | Z13: 5405702901421 | AA13: 87.2 | AB13: -10.7
A14: 46054 | B14: 46077 | C14: 上海大区 | D14: 未知经销商 | E14: 淘宝/天猫 | F14: 上海 | G14: 锦彬膳旗舰店 | H14: https://detail.tmall.com/item.htm?id=949683133616 | I14: 卡士餐后一小时原味250g | J14: 6 | K14: 65.1 | L14: 10.9 | M14: 10.85 | N14: 是 | T14: 46081 | U14: 未调整 | V14: 官方立减12%省5元 | W14: 949683133616 | X14: 卡士酸奶餐后一小时无蔗糖含膳食纤维风味发酵乳低温酸奶250g瓶装 | Y14: （蓝）卡士餐后一小时无蔗糖250g 6瓶 | Z14: 5861151928617 | AA14: 65.4 | AB14: -0.3
A15: 46054 | B15: 46077 | C15: 广州大区 | D15: 广州喜万佳便利店有限公司 | E15: 淘宝/天猫 | F15: 广东广州 | G15: 喜萬佳超市 | H15: https://item.taobao.com/item.htm?id=761463254400 | I15: 卡士餐后一小时原味250g | J15: 3 | K15: 31.6 | L15: 10.9 | M15: 10.533333 | N15: 是 | V15: 官方立减12%省13元；店铺券满20减6；满2件9.5折 | W15: 761463254400 | X15: 卡士酸奶餐后一小时无蔗糖250g双歧杆菌发酵乳0蔗糖益生菌早餐奶 | Y15: 【3瓶】餐后一小时0蔗糖250g | Z15: 5278092637083 | AA15: 32.7 | AB15: -1.1
A16: 46054 | B16: 46077 | C16: 上海大区 | D16: 未知经销商 | E16: 淘宝/天猫 | F16: 上海 | G16: 安新点健康生活馆 | H16: https://item.taobao.com/item.htm?id=610172317455 | I16: 卡士餐后一小时原味250g | J16: 24 | K16: 252 | L16: 10.9 | M16: 10.5 | N16: 是 | T16: 46081 | U16: 未调整 | V16: 淘金币频道抵扣11%起 | W16: 610172317455 | X16: 卡士酸牛奶餐后一小时250ml双歧杆菌风味发酵乳250g低温酸奶 | Y16: 餐后一小时250g,24瓶 | Z16: 4388617680285 | AA16: 261.6 | AB16: -9.6
A17: 46054 | B17: 46077 | C17: 上海大区 | D17: 昆山友吖电子商务有限公司 | E17: 淘宝/天猫 | F17: 江苏 苏州 | G17: 友吖食客 | H17: https://item.taobao.com/item.htm?id=1000040865118 | I17: 卡士餐后一小时原味250g | J17: 8 | K17: 86 | L17: 10.9 | M17: 10.75 | N17: 是 | V17: 满30.0减4.0；官方8.8折；商品券 | 满30减4 | W17: 1000040865118 | X17: 顺丰包邮卡士餐后一小时酸奶250g益生菌0蔗糖健身学生孕妇原味 | Y17: 【原味】餐后一小时250g *8瓶 | Z17: 5984492224092 | AA17: 87.2 | AB17: -1.2
A18: 46054 | B18: 46077 | C18: 上海大区 | D18: 昆山友吖电子商务有限公司 | E18: 淘宝/天猫 | F18: 江苏 苏州 | G18: 友吖食客 | H18: https://item.taobao.com/item.htm?id=910180284324 | I18: 卡士餐后一小时原味250g | J18: 12 | K18: 128 | L18: 10.9 | M18: 10.666667 | N18: 是 | V18: 满30.0减4.0；官方8.8折；淘金币频道抵扣1%起；商品券 | 满30减4 | W18: 910180284324 | X18: 卡士餐后一小时酸奶双歧杆菌风味原味零糖益生菌发酵乳早餐奶250g | Y18: 餐后一小时原味250g,12瓶 | Z18: 5772297761075 | AA18: 130.8 | AB18: -2.8
A19: 46054 | B19: 46077 | C19: 上海大区 | D19: 上海旭禄商贸有限公司 | E19: 淘宝/天猫 | F19: 上海 | G19: 小强の酒水饮料铺 | H19: https://item.taobao.com/item.htm?id=873035397825 | I19: 卡士餐后一小时原味250g | J19: 6 | K19: 59.4 | L19: 10.9 | M19: 9.9 | N19: 是 | V19: 淘金币频道抵扣10%起 | W19: 873035397825 | X19: 卡士餐后一小时酸奶250g*12瓶益生菌低温风味发酵乳 | Y19: 餐后一小时250g*6瓶【保质期25天】 | Z19: 5706029088695 | AA19: 65.4 | AB19: -6
A20: 46054 | B20: 46077 | C20: 上海大区 | D20: 昆山友吖电子商务有限公司 | E20: 淘宝/天猫 | F20: 江苏 苏州 | G20: 友吖食品专营店 | H20: https://item.taobao.com/item.htm?id=998548255197 | I20: 卡士餐后一小时原味250g | J20: 8 | K20: 86 | L20: 10.9 | M20: 10.75 | N20: 是 | V20: 满30.0减4.0；限时补贴0.1元；官方立减9.5元；淘金币频道抵扣5%起；商品券 | 满30减4 | W20: 998548255197 | X20: 顺丰！卡士餐后一小时0蔗糖250g原味双歧杆菌孕妇老人风味发酵乳 | Y20: 【原味】餐后一小时250g*8瓶 | Z20: 5984291388980 | AA20: 87.2 | AB20: -1.2
A21: 46054 | B21: 46077 | C21: 华东大区 | D21: 未知经销商 | E21: 淘宝/天猫 | F21: 江苏 苏州 | G21: 天润乳业苏州企业店 | H21: https://item.taobao.com/item.htm?id=895120131196 | I21: 卡士餐后一小时原味250g | J21: 12 | K21: 128 | L21: 10.9 | M21: 10.666667 | N21: 是 | T21: 46079 | U21: 已调整 | V21: 满30.0减4.0；官方8.8折；淘金币频道抵扣3%起；商品券 | 满30减4 | W21: 895120131196 | X21: 卡士餐后一小时酸奶双歧杆菌风味原味零糖益生菌发酵乳早餐奶250g | Y21: 餐后一小时原味250g,12瓶 | Z21: 5914957147772 | AA21: 130.8 | AB21: -2.8
A22: 46054 | B22: 46077 | C22: 深圳大区 | D22: 未知经销商 | E22: 淘宝/天猫 | F22: 广东 深圳 | G22: 官方国货甄选 | H22: https://item.taobao.com/item.htm?id=1001126801431 | I22: 卡士餐后一小时原味250g | J22: 6 | K22: 64.7 | L22: 10.9 | M22: 10.783333 | N22: 是 | T22: 46081 | U22: 未调整 | V22: 补贴7.2元 | W22: 1001126801431 | X22: 餐后一小时发酵乳250g双歧杆菌原味酸奶孕妇老人儿童早餐奶蔗糖 | Y22: 原味,6瓶 | Z22: 6152764086791 | AA22: 65.4 | AB22: -0.7
A23: 46054 | B23: 46077 | C23: 上海大区 | D23: 上海旭禄商贸有限公司 | E23: 淘宝/天猫 | F23: 上海 | G23: 小强の酒水饮料铺 | H23: https://item.taobao.com/item.htm?id=858347041534 | I23: 卡士餐后一小时原味250g | J23: 9 | K23: 98 | L23: 10.9 | M23: 10.888889 | N23: 是 | V23: 淘金币频道抵扣10%起；最高10元，部分用户可领，限秒杀频道领用；最高5元，部分用户可领，限秒杀频道领用 | W23: 858347041534 | X23: 卡士零糖酸奶原味250g*3瓶餐后一小时益生菌低温学生奶 | Y23: 餐后一小时250g*9瓶【保质期25天】 | Z23: 5849803619038 | AA23: 98.1 | AB23: -0.1
A24: 46054 | B24: 46077 | C24: 上海大区 | D24: 昆山友吖电子商务有限公司 | E24: 淘宝/天猫 | F24: 江苏 苏州 | G24: 友吖食品专营店 | H24: https://item.taobao.com/item.htm?id=900215278913 | I24: 卡士餐后一小时原味250g | J24: 12 | K24: 124.35 | L24: 10.9 | M24: 10.3625 | N24: 是 | V24: 直降16.21元；淘金币频道抵扣1%起；最高10元，部分用户可领，限秒杀频道领用；最高5元，部分用户可领，限秒杀频道领用 | W24: 900215278913 | X24: 顺丰包邮卡士酸奶餐后一小时250g*12瓶整箱风味发酵乳零0蔗糖早餐 | Y24: 【组合】原味+零蔗糖250g*12瓶 | Z24: 5755597644772 | AA24: 130.8 | AB24: -6.45
A25: 46054 | B25: 46077 | C25: 广州大区 | D25: 未知经销商 | E25: 淘宝/天猫 | F25: 广东广州 | G25: 依然食品企业店 | H25: https://item.taobao.com/item.htm?id=542495133129 | I25: 卡士餐后一小时原味250g | J25: 8 | K25: 83.8 | L25: 10.9 | M25: 10.475 | N25: 是 | T25: 46079 | U25: 已调整 | W25: 542495133129 | X25: 卡士酸奶餐后一小时250g双歧杆菌风味发酵乳益生菌低温原味早餐奶 | Y25: 口味:【礼盒装】8瓶餐后一小时原味250g | Z25: 5643677927571 | AA25: 87.2 | AB25: -3.4
A26: 46054 | B26: 46077 | C26: 广州大区 | D26: 未知经销商 | E26: 淘宝/天猫 | F26: 广东 广州 | G26: 依然食品企业店 | H26: https://item.taobao.com/item.htm?id=761678711206 | I26: 卡士餐后一小时原味250g | J26: 8 | K26: 83.8 | L26: 10.9 | M26: 10.475 | N26: 是 | T26: 46079 | U26: 已调整 | W26: 761678711206 | X26: 卡士酸奶餐后一小时无蔗糖250g双歧杆菌发酵乳益生菌原味早餐奶 | Y26: 口味:【礼盒装】8瓶餐后一小时0蔗糖250g | Z26: 5644809638476 | AA26: 87.2 | AB26: -3.4
A27: 46054 | B27: 46077 | C27: 上海大区 | D27: 昆山友吖电子商务有限公司 | E27: 淘宝/天猫 | F27: 江苏苏州 | G27: 友吖食品专营店 | H27: http://item.taobao.com/item.htm?id=900215278913 | I27: 卡士餐后一小时原味250g | J27: 6 | K27: 62.79 | L27: 10.9 | M27: 10.465 | N27: 是
A28: 46054 | B28: 46078 | C28: 深圳大区 | D28: 未知经销商 | E28: 淘宝/天猫 | F28: 广东深圳 | G28: 国货严选旗舰 | H28: https://e.tb.cn/h.7HKNOuoGyHQbKzk?tk=RerPU8SwU2g | I28: 卡士餐后一小时无蔗糖原味250g | J28: 9 | K28: 96.28 | L28: 10.9 | M28: 10.697778 | N28: 是 | T28: 46079 | U28: 已调整 | AA28: 98.1 | AB28: -1.82
A29: 46054 | B29: 46078 | C29: 上海大区 | D29: 未知经销商 | E29: 淘宝/天猫 | F29: 上海 | G29: 锦彬膳旗舰店 | H29: http://item.taobao.com/item.htm?id=949683133616 | I29: 卡士餐后一小时无蔗糖原味250g | J29: 10 | K29: 105.2 | L29: 10.9 | M29: 10.52 | N29: 是 | T29: 46081 | U29: 未调整 | AA29: 109 | AB29: -3.8
A30: 46054 | B30: 46078 | C30: 广州大区 | D30: 未知经销商 | E30: 淘宝/天猫 | F30: 广东东莞 | G30: 牛奶饮品批发商行 | H30: https://e.tb.cn/h.7w1EnQ2PXpJ9TBm?tk=hvJoUlrXMD7 | I30: 卡士餐后一小时原味250g | J30: 1 | K30: 9.62 | L30: 10.9 | M30: 9.62 | N30: 是 | T30: 46080 | U30: 已下架 | AA30: 10.9 | AB30: -1.28
A31: 46054 | B31: 46078 | C31: 华东大区 | D31: 未知经销商 | E31: 淘宝/天猫 | F31: 浙江嘉兴 | G31: 江南本美 | H31: https://e.tb.cn/h.7vcn4WgW0BLUSUl?tk=si4IUlrUQTZ | I31: 卡士餐后一小时原味250g | J31: 1 | K31: 9.78 | L31: 10.9 | M31: 9.78 | N31: 是 | T31: 46079 | U31: 已调整 | AA31: 10.9 | AB31: -1.12
A32: 46054 | B32: 46078 | C32: 华北大区 | D32: 未知经销商 | E32: 淘宝/天猫 | F32: 北京 | G32: 北京万腾牛奶超市 | H32: https://e.tb.cn/h.7EYLSGTypJvTanp?tk=imhRUlr6uKN | I32: 卡士餐后一小时原味250g | J32: 1 | K32: 9.56 | L32: 10.9 | M32: 9.56 | N32: 是 | T32: 46079 | U32: 已调整 | AA32: 10.9 | AB32: -1.34
A33: 46054 | B33: 46078 | C33: 广州大区 | D33: 广州喜万佳便利店有限公司 | E33: 京东 | G33: 喜万佳甄选店 | H33: https://item.jd.com/10177362415232.html | I33: 卡士餐后一小时无蔗糖原味250g | J33: 8 | K33: 82.8 | L33: 10.9 | M33: 10.35 | N33: 是 | W33: 10177362415232 | X33: 卡士酸奶手握瓶活菌奶220g低温益生菌原味酸奶孕妇儿童学生早餐奶【8瓶】餐后一小时250g | Y33: 【8瓶】餐后一小时250g | Z33: 10177362415232 | AA33: 87.2 | AB33: -4.4
A34: 46054 | B34: 46078 | C34: 广州大区 | D34: 广州喜万佳便利店有限公司 | E34: 京东 | G34: 喜万佳甄选店 | H34: https://item.jd.com/10206164441741.html | I34: 卡士餐后一小时无蔗糖原味250g | J34: 8 | K34: 79.8 | L34: 10.9 | M34: 9.975 | N34: 是 | W34: 10206164441741 | X34: 卡士007酸奶原味100g三连杯益生菌风味发酵乳低温生牛乳全脂早餐奶【8瓶】餐后一小时0蔗糖250g | Y34: 【8瓶】餐后一小时0蔗糖250g | Z34: 10206164441741 | AA34: 87.2 | AB34: -7.4
A35: 46054 | B35: 46078 | C35: 广州大区 | D35: 广州喜万佳便利店有限公司 | E35: 京东 | G35: 柏赞食品甄选店 | H35: https://item.jd.com/10175773352591.html | I35: 卡士餐后一小时原味250g | J35: 10 | K35: 87.8 | L35: 10.9 | M35: 8.78 | N35: 是 | W35: 10175773352591 | X35: 卡士（CLASSY.KISS）活菌奶720ml低温原味酸奶益生菌生牛乳风味发酵乳孕妇学生酸牛奶【8瓶】餐后一小时0蔗糖250g | Y35: 【8瓶】餐后一小时0蔗糖250g | Z35: 10175773352591 | AA35: 109 | AB35: -21.2
A36: 46054 | B36: 46078 | C36: 广州大区 | D36: 广州喜万佳便利店有限公司 | E36: 京东 | G36: 柏赞食品甄选店 | H36: https://item.jd.com/10175735583817.html | I36: 卡士餐后一小时原味250g | J36: 12 | K36: 87.8 | L36: 10.9 | M36: 7.3166667 | N36: 是 | W36: 10175735583817 | X36: 卡士（CLASSY.KISS）活菌奶200ml益生菌原味酸奶生牛乳风味发酵乳孕妇儿童学生早餐奶【8瓶】餐后一小时0蔗糖250g | Y36: 【8瓶】餐后一小时0蔗糖250g | Z36: 10175735583817 | AA36: 130.8 | AB36: -43
A37: 46054 | B37: 46078 | C37: 广州大区 | D37: 广州喜万佳便利店有限公司 | E37: 京东 | G37: 柏赞食品甄选店 | H37: https://item.jd.com/10209012482164.html | I37: 卡士餐后一小时原味250g | J37: 8 | K37: 72.8 | L37: 10.9 | M37: 9.1 | N37: 是 | W37: 10209012482164 | X37: 卡士（CLASSY.KISS）0蔗糖餐后一小时发酵乳250g原味酸奶益生菌酸牛奶孕妇白领早餐奶【8瓶】AD钙牛油果味210g | Y37: 【8瓶】AD钙牛油果味210g | Z37: 10209012482164 | AA37: 87.2 | AB37: -14.4
A38: 46054 | B38: 46078 | C38: 无法判定大区 | D38: 未知经销商 | E38: 京东 | G38: 沃途食品店 | H38: https://item.jd.com/10161032513827.html | I38: 卡士餐后一小时原味250g | J38: 8 | K38: 61.8 | L38: 10.9 | M38: 7.725 | N38: 是 | T38: 46079 | U38: 已调整 | W38: 10161032513827 | X38: 卡士（CLASSY.KISS）酸奶餐后一小时发酵乳250g*12瓶原味营养双歧杆菌风味发酵乳 餐后一小时原味 3瓶 | Y38: 卡士（CLASSY.KISS）酸奶餐后一小时发酵乳250g*12瓶原味营养双歧杆菌风味发酵乳 餐后一小时原味 3瓶 | Z38: 10161032513827 | AA38: 87.2 | AB38: -25.4
A39: 46054 | B39: 46078 | C39: 无法判定大区 | D39: 未知经销商 | E39: 京东 | G39: 玲柔好物店 | H39: https://item.jd.com/10177000430970.html | I39: 卡士餐后一小时原味250g | J39: 3 | K39: 25.7 | L39: 10.9 | M39: 8.5666667 | N39: 是 | T39: 46079 | U39: 已调整 | W39: 10177000430970 | X39: 卡士（CLASSY.KISS）CLASSYKISS 卡士零糖酸奶原味250g3瓶餐后一小时益生菌低温学生奶 0糖餐后一小时250g*1瓶保质 | Y39: 卡士（CLASSY.KISS）CLASSYKISS 卡士零糖酸奶原味250g3瓶餐后一小时益生菌低温学生奶 0糖餐后一小时250g*1瓶保质 | Z39: 10177000430970 | AA39: 32.7 | AB39: -7
A40: 46054 | B40: 46078 | C40: 无法判定大区 | D40: 未知经销商 | E40: 京东 | G40: MM 會员店 | H40: https://item.jd.com/10148054852544.html | I40: 卡士餐后一小时原味250g | J40: 10 | K40: 105.77 | L40: 10.9 | M40: 10.577 | N40: 是 | T40: 46079 | U40: 已调整 | W40: 10148054852544 | X40: 卡士酸奶餐后一小时无蔗糖含纤维风味发酵乳低温酸奶250g瓶装 卡士酸奶无蔗糖250g瓶装*10 | Y40: 卡士酸奶餐后一小时无蔗糖含纤维风味发酵乳低温酸奶250g瓶装 卡士酸奶无蔗糖250g瓶装*10 | Z40: 10148054852544 | AA40: 109 | AB40: -3.23
A41: 46054 | B41: 46078 | C41: 无法判定大区 | D41: 未知经销商 | E41: 京东 | G41: 速安食品店 | H41: https://item.jd.com/10150445313206.html | I41: 卡士餐后一小时原味250g | J41: 9 | K41: 95.62 | L41: 10.9 | M41: 10.624444 | N41: 是 | T41: 46079 | U41: 已调整 | W41: 10150445313206 | X41: 卡士酸奶餐后一小时原味生牛乳双歧杆菌低温酸奶 餐后一小时*9瓶 | Y41: 卡士酸奶餐后一小时原味生牛乳双歧杆菌低温酸奶 餐后一小时*9瓶 | Z41: 10150445313206 | AA41: 98.1 | AB41: -2.48
A42: 46054 | B42: 46078 | C42: 上海大区 | D42: 上海旭禄商贸有限公司 | E42: 拼多多 | G42: 旭禄酒水专营店 | H42: https://mobile.yangkeduo.com/goods.html?ps=1umwgIbmGu | I42: 卡士餐后一小时无蔗糖原味250g | J42: 6 | K42: 63.8 | L42: 10.9 | M42: 10.633333 | N42: 是 | AA42: 65.4 | AB42: -1.6
A43: 46054 | B43: 46078 | C43: 无法判定大区 | D43: 未知经销商 | E43: 京东 | G43: 乳品京东自营专区 | H43: https://item.jd.com/100292942062.html | I43: 卡士餐后一小时无蔗糖原味250g | J43: 10 | K43: 99 | L43: 10.9 | M43: 9.9 | N43: 是 | T43: 46079 | U43: 已调整 | W43: 100292942062 | X43: 卡士（CLASSY.KISS）卡士餐后一小时0蔗糖250g*10瓶低温酸牛奶 源头直发包邮 | Y43: 卡士（CLASSY.KISS）卡士餐后一小时0蔗糖250g*10瓶低温酸牛奶 源头直发包邮 | Z43: 100292942062 | AA43: 109 | AB43: -10
A44: 46054 | B44: 46078 | C44: 无法判定大区 | D44: 未知经销商 | E44: 京东 | G44: 精精百货直发店 | H44: https://item.jd.com/10159775467731.html | I44: 卡士餐后一小时无蔗糖原味250g | J44: 6 | K44: 57.33 | L44: 10.9 | M44: 9.555 | N44: 是 | T44: 46079 | U44: 已调整 | W44: 10159775467731 | AA44: 65.4 | AB44: -8.07
A45: 46054 | B45: 46078 | C45: 无法判定大区 | D45: 未知经销商 | E45: 京东 | G45: 品质食品直发店 | H45: https://item.jd.com/10161990519165.html | I45: 卡士餐后一小时无蔗糖原味250g | J45: 6 | K45: 57.43 | L45: 10.9 | M45: 9.5716667 | N45: 是 | T45: 46079 | U45: 已调整 | W45: 10161990519165 | AA45: 65.4 | AB45: -7.97
A46: 46054 | B46: 46079 | C46: 无法判定大区 | D46: 未知经销商 | E46: 京东 | G46: 万爱家粮油店 | H46: https://item.jd.com/10207170160483.html | I46: 卡士餐后一小时无蔗糖原味250g | J46: 12 | K46: 125.91 | L46: 10.9 | M46: 10.4925 | N46: 是 | T46: 46080 | U46: 已调整 | AA46: 130.8 | AB46: -4.89
A47: 46054 | B47: 46080 | C47: 华北大区 | D47: 天津和清润通商贸有限公司 | E47: 淘宝/天猫 | F47: 天津 | G47: 听海先生食品专营店 | H47: https://detail.tmall.com/item.htm?id=823221928716 | I47: 卡士餐后一小时原味250g | J47: 6 | K47: 59.44 | L47: 10.9 | M47: 9.9066667 | N47: 是 | V47: 券满4.01减4 | W47: 823221928716 | X47: 卡士酸奶餐后一小时低温0蔗糖益生菌原味双歧杆菌发酵乳【顺丰】 | Y47: 原味250ml*6瓶 | Z47: 5705700691406 | AA47: 65.4 | AB47: -5.96 | AD47: 400+
A48: 46054 | B48: 46080 | C48: 上海大区 | D48: 未知经销商 | E48: 淘宝/天猫 | F48: 上海 | G48: 咖滋熊食品 | H48: https://item.taobao.com/item.htm?id=987673559264 | I48: 卡士餐后一小时原味250g | J48: 10 | K48: 103.55 | L48: 10.9 | M48: 10.355 | N48: 是 | T48: 46080 | U48: 已调整 | W48: 987673559264 | X48: 卡士餐后一小时酸奶营养早餐低糖原味发酵乳酸奶无蔗糖方便携带 | Y48: 卡士酸奶250g瓶装 10瓶 | Z48: 5954914757697 | AA48: 109 | AB48: -5.45 | AC48: 109 | AD48: 0
A49: 46054 | B49: 46080 | C49: 无法判定大区 | D49: 未知经销商 | E49: 淘宝/天猫 | G49: 帮比比食品专营店 | H49: http://item.taobao.com/item.htm?id=988633381813 | I49: 卡士餐后一小时无蔗糖原味250g | J49: 5 | K49: 52 | L49: 10.9 | M49: 10.4 | N49: 是 | T49: 46080 | U49: 未调整
A50: 46054 | B50: 46081 | C50: 无法判定大区 | D50: 未知经销商 | E50: 淘宝/天猫 | G50: 百亿补贴 | H50: http://item.taobao.com/item.htm?id=695691210066 | I50: 卡士餐后一小时无蔗糖原味250g | J50: 3 | K50: 31.15 | L50: 10.9 | M50: 10.383333 | N50: 是 | T50: 46081 | U50: 未调整
A51: 46054 | B51: 46081 | C51: 华北大区 | D51: 未知经销商 | E51: 淘宝/天猫 | F51: 北京 | G51: 太渊阁旗舰店 | H51: http://item.taobao.com/item.htm?id=848498244738 | I51: 卡士餐后一小时无蔗糖原味250g | J51: 3 | K51: 32.28 | L51: 0.9 | M51: 10.76 | N51: 是 | T51: 46081 | U51: 已调整

Sheet 违规未知经销商
A1: 年月 | B1: 核检日期 | C1: 所属大区 | D1: 更新经销商 | E1: 平台名称 | F1: 发货地区 | G1: 店铺名称 | H1: 商品链接 | I1: 型号 | J1: 数量 | K1: 平台促销价 | L1: 2026年1月促销价格指引 | M1: 售卖单价 （PC） | N1: 促销价是否比红线价低 | O1: 处理大区 | P1: 负责人 | Q1: 整改时间 | R1: 反馈整改图片 | S1: 谁处理问题 | T1: 处理时间 | U1: 处理结果 | V1: 优惠信息 | W1: 商品ID | X1: spu名称 | Y1: sku描述 | Z1: skuid | AA1: 换算价 | AB1: 差价 | AC1: 正常价 | AD1: 销量
A2: 46054 | B2: 46077 | C2: 无法判定大区 | D2: 未知经销商 | E2: 京东 | G2: 玲柔好物店 | H2: http://item.jd.com/10177000430970.html | I2: 卡士餐后一小时原味250g | J2: 3 | K2: 25.7 | L2: 10.9 | M2: 8.5666667 | N2: 是 | T2: 46079 | U2: 已调整 | W2: 10177000430970 | X2: 卡士（CLASSY.KISS）CLASSYKISS 卡士零糖酸奶原味250g3瓶餐后一小时益生菌低温学生奶 0糖餐后一小时250g*1瓶保质 | Y2: 卡士（CLASSY.KISS）CLASSYKISS 卡士零糖酸奶原味250g3瓶餐后一小时益生菌低温学生奶 0糖餐后一小时250g*1瓶保质 | Z2: 10177000430970 | AA2: 32.7 | AB2: -7
A3: 46054 | B3: 46077 | C3: 无法判定大区 | D3: 未知经销商 | E3: 京东 | G3: 沃途食品店 | H3: http://item.jd.com/10161032513827.html | I3: 卡士餐后一小时原味250g | J3: 8 | K3: 67.5 | L3: 10.9 | M3: 8.4375 | N3: 是 | T3: 46079 | U3: 已调整 | W3: 10161032513827 | X3: 卡士（CLASSY.KISS）酸奶餐后一小时发酵乳250g*12瓶原味营养双歧杆菌风味发酵乳 餐后一小时原味 3瓶 | Y3: 卡士（CLASSY.KISS）酸奶餐后一小时发酵乳250g*12瓶原味营养双歧杆菌风味发酵乳 餐后一小时原味 3瓶 | Z3: 10161032513827 | AA3: 87.2 | AB3: -19.7
A4: 46054 | B4: 46077 | C4: 广州大区 | D4: 未知经销商 | E4: 淘宝/天猫 | F4: 广东东莞 | G4: 牛奶饮品批发商行 | H4: https://item.taobao.com/item.htm?id=977418776358 | I4: 卡士餐后一小时原味250g | J4: 8 | K4: 77 | L4: 10.9 | M4: 9.625 | N4: 是 | T4: 46080 | U4: 已调整 | V4: 店铺新客减11元 | W4: 977418776358 | X4: 卡士酸奶餐后一小时原味/0蔗糖风味发酵乳250g *8瓶低温酸奶整箱 | Y4: 8瓶】餐后原味 | Z4: 6096058190227 | AA4: 87.2 | AB4: -10.2
A5: 46054 | B5: 46077 | C5: 广州大区 | D5: 未知经销商 | E5: 淘宝/天猫 | F5: 广东东莞 | G5: 牛奶饮品批发商行 | H5: https://item.taobao.com/item.htm?id=977418776358 | I5: 卡士餐后一小时原味250g | J5: 16 | K5: 164 | L5: 10.9 | M5: 10.25 | N5: 是 | T5: 46080 | U5: 已调整 | V5: 店铺新客减11元 | W5: 977418776358 | X5: 卡士酸奶餐后一小时原味/0蔗糖风味发酵乳250g *8瓶低温酸奶整箱 | Y5: 16瓶】餐后原味 | Z5: 6096058190228 | AA5: 174.4 | AB5: -10.4
A6: 46054 | B6: 46077 | C6: 广州大区 | D6: 未知经销商 | E6: 淘宝/天猫 | F6: 广东东莞 | G6: 牛奶饮品批发商行 | H6: https://item.taobao.com/item.htm?id=977418776358 | I6: 卡士餐后一小时原味250g | J6: 24 | K6: 249 | L6: 10.9 | M6: 10.375 | N6: 是 | T6: 46080 | U6: 已调整 | V6: 店铺新客减11元 | W6: 977418776358 | X6: 卡士酸奶餐后一小时原味/0蔗糖风味发酵乳250g *8瓶低温酸奶整箱 | Y6: 24瓶】餐后原味 | Z6: 6096058190229 | AA6: 261.6 | AB6: -12.6
A7: 46054 | B7: 46077 | C7: 广州大区 | D7: 未知经销商 | E7: 淘宝/天猫 | F7: 广东东莞 | G7: 牛奶饮品批发商行 | H7: https://item.taobao.com/item.htm?id=977418776358 | I7: 卡士餐后一小时原味250g | J7: 8 | K7: 77 | L7: 10.9 | M7: 9.625 | N7: 是 | T7: 46080 | U7: 已调整 | V7: 店铺新客减11元 | W7: 977418776358 | X7: 卡士酸奶餐后一小时原味/0蔗糖风味发酵乳250g *8瓶低温酸奶整箱 | Y7: 8瓶】餐后0蔗糖 | Z7: 6096058190230 | AA7: 87.2 | AB7: -10.2
A8: 46054 | B8: 46077 | C8: 广州大区 | D8: 未知经销商 | E8: 淘宝/天猫 | F8: 广东东莞 | G8: 牛奶饮品批发商行 | H8: https://item.taobao.com/item.htm?id=977418776358 | I8: 卡士餐后一小时原味250g | J8: 16 | K8: 164 | L8: 10.9 | M8: 10.25 | N8: 是 | T8: 46080 | U8: 已调整 | V8: 店铺新客减11元 | W8: 977418776358 | X8: 卡士酸奶餐后一小时原味/0蔗糖风味发酵乳250g *8瓶低温酸奶整箱 | Y8: 16瓶】餐后0蔗糖 | Z8: 6096058190231 | AA8: 174.4 | AB8: -10.4
A9: 46054 | B9: 46077 | C9: 广州大区 | D9: 未知经销商 | E9: 淘宝/天猫 | F9: 广东东莞 | G9: 牛奶饮品批发商行 | H9: https://item.taobao.com/item.htm?id=977418776358 | I9: 卡士餐后一小时原味250g | J9: 24 | K9: 249 | L9: 10.9 | M9: 10.375 | N9: 是 | T9: 46080 | U9: 已调整 | V9: 店铺新客减11元 | W9: 977418776358 | X9: 卡士酸奶餐后一小时原味/0蔗糖风味发酵乳250g *8瓶低温酸奶整箱 | Y9: 24瓶】餐后0蔗糖 | Z9: 6096058190232 | AA9: 261.6 | AB9: -12.6
A10: 46054 | B10: 46077 | C10: 深圳大区 | D10: 未知经销商 | E10: 淘宝/天猫 | F10: 广东深圳 | G10: 京腾乳制品 | H10: https://item.taobao.com/item.htm?id=814793716908 | I10: 卡士断糖日记无蔗糖原味130g 单瓶 | J10: 24 | K10: 177 | L10: 7.4 | M10: 7.375 | N10: 是 | T10: 46081 | U10: 未调整 | V10: 满2件9.5折 | W10: 814793716908 | X10: 卡士餐后一小时原味酸奶18瓶 断糖日记220g 断糖健身0蔗糖0代糖 | Y10: 【0蔗糖0代糖】130g*24杯一整箱 | Z10: 5680021663799 | AA10: 177.6 | AB10: -0.6
A11: 46054 | B11: 46077 | C11: 广州大区 | D11: 未知经销商 | E11: 淘宝/天猫 | F11: 广东东莞 | G11: classykiss卡士宫荼专卖店 | H11: https://detail.tmall.com/item.htm?id=969375047856 | I11: 卡士餐后一小时原味250g | J11: 24 | K11: 260 | L11: 10.9 | M11: 10.833333 | N11: 是 | T11: 46081 | U11: 未调整 | W11: 969375047856 | X11: 卡士酸奶餐后一小时风味发酵乳益生菌酸奶整箱250g*8瓶 | Y11: 24瓶】有甜味餐后一小时 | Z11: 6084922134156 | AA11: 261.6 | AB11: -1.6
A12: 46054 | B12: 46077 | C12: 广州大区 | D12: 未知经销商 | E12: 淘宝/天猫 | F12: 广东东莞 | G12: classykiss卡士宫荼专卖店 | H12: https://detail.tmall.com/item.htm?id=969375047856 | I12: 卡士餐后一小时原味250g | J12: 24 | K12: 260 | L12: 10.9 | M12: 10.833333 | N12: 是 | T12: 46081 | U12: 未调整 | W12: 969375047856 | X12: 卡士酸奶餐后一小时风味发酵乳益生菌酸奶整箱250g*8瓶 | Y12: 24瓶】0蔗糖餐后一小时 | Z12: 6084922134157 | AA12: 261.6 | AB12: -1.6
A13: 46054 | B13: 46077 | C13: 广州大区 | D13: 未知经销商 | E13: 淘宝/天猫 | F13: 广东广州 | G13: 依然食品企业店 | H13: https://item.taobao.com/item.htm?id=761549088087 | I13: 卡士餐后一小时原味250g | J13: 8 | K13: 76.5 | L13: 10.9 | M13: 9.5625 | N13: 是 | T13: 46079 | U13: 已调整 | V13: 官方立减12%省11.3元；店铺券满20减6；满2件9.5折 | W13: 761549088087 | X13: 卡士酸奶餐后一小时250g双歧杆菌风味发酵乳益生菌原味全脂早餐奶 | Y13: 【8瓶】餐后一小时原味250g | Z13: 5796901468137 | AA13: 87.2 | AB13: -10.7
A14: 46054 | B14: 46077 | C14: 广州大区 | D14: 未知经销商 | E14: 淘宝/天猫 | F14: 广东广州 | G14: 依然食品企业店 | H14: https://item.taobao.com/item.htm?id=761549088087 | I14: 卡士007小瓶装益生菌酸奶原味 220g | J14: 8 | K14: 63.3 | L14: 8.9 | M14: 7.9125 | N14: 是 | T14: 46079 | U14: 已调整 | V14: 官方立减12%省11.3元；店铺券满20减6；满2件9.5折 | W14: 761549088087 | X14: 卡士酸奶餐后一小时250g双歧杆菌风味发酵乳益生菌原味全脂早餐奶 | Y14: 【8瓶】AD钙原味220g | Z14: 5796901468146 | AA14: 71.2 | AB14: -7.9
A15: 46054 | B15: 46077 | C15: 广州大区 | D15: 未知经销商 | E15: 淘宝/天猫 | F15: 广东广州 | G15: 依然食品企业店 | H15: https://item.taobao.com/item.htm?id=761549088087 | I15: 卡士餐后一小时原味250g | J15: 8 | K15: 76.5 | L15: 10.9 | M15: 9.5625 | N15: 是 | T15: 46079 | U15: 已调整 | V15: 官方立减12%省11.3元；店铺券满20减6；满2件9.5折 | W15: 761549088087 | X15: 卡士酸奶餐后一小时250g双歧杆菌风味发酵乳益生菌原味全脂早餐奶 | Y15: 【8瓶】餐后一小时0蔗糖250g | Z15: 5796901468149 | AA15: 87.2 | AB15: -10.7
A16: 46054 | B16: 46077 | C16: 广州大区 | D16: 未知经销商 | E16: 淘宝/天猫 | F16: 广东广州 | G16: 依然食品企业店 | H16: https://item.taobao.com/item.htm?id=761549088087 | I16: 卡士007益生菌家庭装酸奶原味1kg（含港澳版） | J16: 2 | K16: 43.1 | L16: 24.9 | M16: 21.55 | N16: 是 | T16: 46080 | U16: 已调整 | V16: 官方立减12%省11.3元；店铺券满20减6；满2件9.5折 | W16: 761549088087 | X16: 卡士酸奶餐后一小时250g双歧杆菌风味发酵乳益生菌原味全脂早餐奶 | Y16: 【2瓶】家庭装原味1kg | Z16: 5990567020225 | AA16: 49.8 | AB16: -6.7
A17: 46054 | B17: 46077 | C17: 广州大区 | D17: 未知经销商 | E17: 淘宝/天猫 | F17: 广东广州 | G17: 依然食品企业店 | H17: https://item.taobao.com/item.htm?id=761549088087 | I17: 卡士餐后一小时原味250g | J17: 6 | K17: 58 | L17: 10.9 | M17: 9.6666667 | N17: 是 | T17: 46079 | U17: 已调整 | V17: 官方立减12%省11.3元；店铺券满20减6；满2件9.5折 | W17: 761549088087 | X17: 卡士酸奶餐后一小时250g双歧杆菌风味发酵乳益生菌原味全脂早餐奶 | Y17: 【6瓶】餐后一小时原味250g | Z17: 6014437277464 | AA17: 65.4 | AB17: -7.4
A18: 46054 | B18: 46077 | C18: 广州大区 | D18: 未知经销商 | E18: 淘宝/天猫 | F18: 广东广州 | G18: 依然食品企业店 | H18: https://item.taobao.com/item.htm?id=761549088087 | I18: 卡士餐后一小时原味250g | J18: 6 | K18: 58 | L18: 10.9 | M18: 9.6666667 | N18: 是 | T18: 46079 | U18: 已调整 | V18: 官方立减12%省11.3元；店铺券满20减6；满2件9.5折 | W18: 761549088087 | X18: 卡士酸奶餐后一小时250g双歧杆菌风味发酵乳益生菌原味全脂早餐奶 | Y18: 【6瓶】餐后一小时0蔗糖250g | Z18: 6014437277465 | AA18: 65.4 | AB18: -7.4
A19: 46054 | B19: 46077 | C19: 广州大区 | D19: 未知经销商 | E19: 淘宝/天猫 | F19: 广东广州 | G19: 依然食品企业店 | H19: https://item.taobao.com/item.htm?id=761549088087 | I19: 卡士餐后一小时原味250g | J19: 8 | K19: 76.5 | L19: 10.9 | M19: 9.5625 | N19: 是 | T19: 46079 | U19: 已调整 | V19: 官方立减12%省11.3元；店铺券满20减6；满2件9.5折 | W19: 761549088087 | X19: 卡士酸奶餐后一小时250g双歧杆菌风味发酵乳益生菌原味全脂早餐奶 | Y19: 【8瓶】餐后一小时组合各四瓶 | Z19: 6014437277466 | AA19: 87.2 | AB19: -10.7
A20: 46054 | B20: 46077 | C20: 广州大区 | D20: 未知经销商 | E20: 淘宝/天猫 | F20: 广东广州 | G20: 依然食品企业店 | H20: https://item.taobao.com/item.htm?id=761549088087 | I20: 卡士007AD钙益生菌酸奶-果味-210g | J20: 8 | K20: 63.3 | L20: 8.9 | M20: 7.9125 | N20: 是 | T20: 46080 | U20: 已调整 | V20: 官方立减12%省11.3元；店铺券满20减6；满2件9.5折 | W20: 761549088087 | X20: 卡士酸奶餐后一小时250g双歧杆菌风味发酵乳益生菌原味全脂早餐奶 | Y20: 【8瓶】AD钙草莓味210g | Z20: 6014437277467 | AA20: 71.2 | AB20: -7.9
A21: 46054 | B21: 46077 | C21: 广州大区 | D21: 未知经销商 | E21: 淘宝/天猫 | F21: 广东广州 | G21: 依然食品企业店 | H21: https://item.taobao.com/item.htm?id=761549088087 | I21: 卡士007AD钙益生菌酸奶-果味-210g | J21: 8 | K21: 63.3 | L21: 8.9 | M21: 7.9125 | N21: 是 | T21: 46080 | U21: 已调整 | V21: 官方立减12%省11.3元；店铺券满20减6；满2件9.5折 | W21: 761549088087 | X21: 卡士酸奶餐后一小时250g双歧杆菌风味发酵乳益生菌原味全脂早餐奶 | Y21: 【8瓶】AD钙牛油果味210g | Z21: 6014437277468 | AA21: 71.2 | AB21: -7.9
A22: 46054 | B22: 46077 | C22: 广州大区 | D22: 未知经销商 | E22: 淘宝/天猫 | F22: 广东广州 | G22: 依然食品企业店 | H22: https://item.taobao.com/item.htm?id=761549088087 | I22: 卡士007无蔗糖益生菌家庭装酸奶原味969g 单瓶 | J22: 2 | K22: 43.1 | L22: 24.9 | M22: 21.55 | N22: 是 | T22: 46080 | U22: 已调整 | V22: 官方立减12%省11.3元；店铺券满20减6；满2件9.5折 | W22: 761549088087 | X22: 卡士酸奶餐后一小时250g双歧杆菌风味发酵乳益生菌原味全脂早餐奶 | Y22: 【2瓶】家庭装0蔗糖969g | Z22: 6014437277470 | AA22: 49.8 | AB22: -6.7
A23: 46054 | B23: 46077 | C23: 广州大区 | D23: 未知经销商 | E23: 淘宝/天猫 | F23: 广东东莞 | G23: classykiss卡士宫荼专卖店 | H23: https://detail.tmall.com/item.htm?id=892370854388 | I23: 卡士餐后一小时原味250g | J23: 8 | K23: 84 | L23: 10.9 | M23: 10.5 | N23: 是 | T23: 46080 | U23: 已调整 | V23: 店铺新客减4元 | W23: 892370854388 | X23: 卡士酸奶餐后一小时风味发酵乳益生菌酸奶整箱250g*8瓶 | Y23: 8瓶】有甜味餐后一小时 | Z23: 5907167610155 | AA23: 87.2 | AB23: -3.2
A24: 46054 | B24: 46077 | C24: 广州大区 | D24: 未知经销商 | E24: 淘宝/天猫 | F24: 广东东莞 | G24: classykiss卡士宫荼专卖店 | H24: https://detail.tmall.com/item.htm?id=892370854388 | I24: 卡士餐后一小时原味250g | J24: 8 | K24: 84 | L24: 10.9 | M24: 10.5 | N24: 是 | T24: 46080 | U24: 已调整 | V24: 店铺新客减4元 | W24: 892370854388 | X24: 卡士酸奶餐后一小时风味发酵乳益生菌酸奶整箱250g*8瓶 | Y24: 8瓶】0蔗糖餐后一小时 | Z24: 5907167610156 | AA24: 87.2 | AB24: -3.2
... A43: 46054 | B43: 46077 | C43: 华东大区 | D43: 未知经销商 | E43: 淘宝/天猫 | F43: 浙江 杭州 | G43: 国货严选旗舰 | H43: https://item.taobao.com/item.htm?id=1001246061831 | I43: 卡士断糖日记无蔗糖原味130g 单瓶 | J43: 12 | K43: 75.8 | L43: 7.4 | M43: 6.3166667 | N43: 是 | T43: 46081 | U43: 未调整 | V43: 直降22.83元 | W43: 1001246061831 | X43: 【下单赠佐餐奶】卡士酸奶餐后一小时250g消化健康【下滑领补贴】 | Y43: 【断糖日记原味】130g*12杯 ｜ 顺丰送货上门 | Z43: 6174825263257 | AA43: 88.8 | AB43: -13
A44: 46054 | B44: 46077 | C44: 广州大区 | D44: 未知经销商 | E44: 淘宝/天猫 | F44: 广东广州 | G44: 依然食品企业店 | H44: https://item.taobao.com/item.htm?id=542495133129 | I44: 卡士餐后一小时原味250g | J44: 8 | K44: 83.8 | L44: 10.9 | M44: 10.475 | N44: 是 | T44: 46079 | U44: 已调整 | W44: 542495133129 | X44: 卡士酸奶餐后一小时250g双歧杆菌风味发酵乳益生菌低温原味早餐奶 | Y44: 口味:【礼盒装】8瓶餐后一小时原味250g | Z44: 5643677927571 | AA44: 87.2 | AB44: -3.4
A45: 46054 | B45: 46077 | C45: 广州大区 | D45: 未知经销商 | E45: 淘宝/天猫 | F45: 广东广州 | G45: 依然食品企业店 | H45: https://item.taobao.com/item.htm?id=542495133129 | I45: 卡士餐后一小时原味250g | J45: 3 | K45: 31.6 | L45: 10.9 | M45: 10.533333 | N45: 是 | T45: 46079 | U45: 已调整 | W45: 542495133129 | X45: 卡士酸奶餐后一小时250g双歧杆菌风味发酵乳益生菌低温原味早餐奶 | Y45: 口味:【3瓶】餐后一小时原味250g | Z45: 5643677927572 | AA45: 32.7 | AB45: -1.1
A46: 46054 | B46: 46077 | C46: 广州大区 | D46: 未知经销商 | E46: 淘宝/天猫 | F46: 广东广州 | G46: 依然食品企业店 | H46: https://item.taobao.com/item.htm?id=542495133129 | I46: 卡士餐后一小时原味250g | J46: 6 | K46: 58 | L46: 10.9 | M46: 9.6666667 | N46: 是 | T46: 46079 | U46: 已调整 | W46: 542495133129 | X46: 卡士酸奶餐后一小时250g双歧杆菌风味发酵乳益生菌低温原味早餐奶 | Y46: 口味:【6瓶】餐后一小时原味250g | Z46: 5643677927573 | AA46: 65.4 | AB46: -7.4
A47: 46054 | B47: 46077 | C47: 广州大区 | D47: 未知经销商 | E47: 淘宝/天猫 | F47: 广东广州 | G47: 依然食品企业店 | H47: https://item.taobao.com/item.htm?id=542495133129 | I47: 卡士餐后一小时原味250g | J47: 8 | K47: 76.5 | L47: 10.9 | M47: 9.5625 | N47: 是 | T47: 46079 | U47: 已调整 | W47: 542495133129 | X47: 卡士酸奶餐后一小时250g双歧杆菌风味发酵乳益生菌低温原味早餐奶 | Y47: 口味:【8瓶】餐后一小时原味250g | Z47: 5643677927574 | AA47: 87.2 | AB47: -10.7
A48: 46054 | B48: 46077 | C48: 广州大区 | D48: 未知经销商 | E48: 淘宝/天猫 | F48: 广东广州 | G48: 依然食品企业店 | H48: https://item.taobao.com/item.htm?id=542495133129 | I48: 卡士餐后一小时原味250g | J48: 8 | K48: 76.5 | L48: 10.9 | M48: 9.5625 | N48: 是 | T48: 46079 | U48: 已调整 | W48: 542495133129 | X48: 卡士酸奶餐后一小时250g双歧杆菌风味发酵乳益生菌低温原味早餐奶 | Y48: 口味:【8瓶】餐后一小时0蔗糖250g | Z48: 5643677927570 | AA48: 87.2 | AB48: -10.7
A49: 46054 | B49: 46077 | C49: 广州大区 | D49: 未知经销商 | E49: 淘宝/天猫 | F49: 广东广州 | G49: 依然食品企业店 | H49: https://item.taobao.com/item.htm?id=542495133129 | I49: 卡士餐后一小时原味250g | J49: 8 | K49: 76.5 | L49: 10.9 | M49: 9.5625 | N49: 是 | T49: 46079 | U49: 已调整 | W49: 542495133129 | X49: 卡士酸奶餐后一小时250g双歧杆菌风味发酵乳益生菌低温原味早餐奶 | Y49: 口味:【8瓶】餐后一小时组合各四瓶 | Z49: 5990124577534 | AA49: 87.2 | AB49: -10.7
A50: 46054 | B50: 46077 | C50: 广州大区 | D50: 未知经销商 | E50: 淘宝/天猫 | F50: 广东广州 | G50: 依然食品企业店 | H50: https://item.taobao.com/item.htm?id=542495133129 | I50: 卡士007AD钙益生菌酸奶-果味-210g | J50: 8 | K50: 63.3 | L50: 8.9 | M50: 7.9125 | N50: 是 | T50: 46080 | U50: 已调整 | W50: 542495133129 | X50: 卡士酸奶餐后一小时250g双歧杆菌风味发酵乳益生菌低温原味早餐奶 | Y50: 口味:【8瓶】AD钙草莓味210g | Z50: 6179100963952 | AA50: 71.2 | AB50: -7.9
A51: 46054 | B51: 46077 | C51: 广州大区 | D51: 未知经销商 | E51: 淘宝/天猫 | F51: 广东广州 | G51: 依然食品企业店 | H51: https://item.taobao.com/item.htm?id=542495133129 | I51: 卡士007AD钙益生菌酸奶-果味-210g | J51: 8 | K51: 63.3 | L51: 8.9 | M51: 7.9125 | N51: 是 | T51: 46080 | U51: 已调整 | W51: 542495133129 | X51: 卡士酸奶餐后一小时250g双歧杆菌风味发酵乳益生菌低温原味早餐奶 | Y51: 口味:【8瓶】AD钙牛油果味210g | Z51: 6179100963953 | AA51: 71.2 | AB51: -7.9
A52: 46054 | B52: 46077 | C52: 广州大区 | D52: 未知经销商 | E52: 淘宝/天猫 | F52: 广东广州 | G52: 依然食品企业店 | H52: https://item.taobao.com/item.htm?id=542495133129 | I52: 卡士007小瓶装益生菌酸奶原味 220g | J52: 8 | K52: 63.3 | L52: 8.9 | M52: 7.9125 | N52: 是 | T52: 46080 | U52: 已调整 | W52: 542495133129 | X52: 卡士酸奶餐后一小时250g双歧杆菌风味发酵乳益生菌低温原味早餐奶 | Y52: 口味:【8瓶】AD钙原味220g | Z52: 5990124577532 | AA52: 71.2 | AB52: -7.9
A53: 46054 | B53: 46077 | C53: 广州大区 | D53: 未知经销商 | E53: 淘宝/天猫 | F53: 广东广州 | G53: 依然食品企业店 | H53: https://item.taobao.com/item.htm?id=542495133129 | I53: 卡士007无蔗糖益生菌家庭装酸奶原味969g 单瓶 | J53: 2 | K53: 43.1 | L53: 24.9 | M53: 21.55 | N53: 是 | T53: 46080 | U53: 已调整 | W53: 542495133129 | X53: 卡士酸奶餐后一小时250g双歧杆菌风味发酵乳益生菌低温原味早餐奶 | Y53: 口味:【2瓶】家庭装0蔗糖969g | Z53: 6179100963951 | AA53: 49.8 | AB53: -6.7
A54: 46054 | B54: 46077 | C54: 广州大区 | D54: 未知经销商 | E54: 淘宝/天猫 | F54: 广东广州 | G54: 依然食品企业店 | H54: https://item.taobao.com/item.htm?id=542495133129 | I54: 卡士007益生菌家庭装酸奶原味1kg（含港澳版） | J54: 2 | K54: 43.1 | L54: 24.9 | M54: 21.55 | N54: 是 | T54: 46080 | U54: 已调整 | W54: 542495133129 | X54: 卡士酸奶餐后一小时250g双歧杆菌风味发酵乳益生菌低温原味早餐奶 | Y54: 口味:【2瓶】家庭装原味1kg | Z54: 5990124577530 | AA54: 49.8 | AB54: -6.7
A55: 46054 | B55: 46077 | C55: 广州大区 | D55: 未知经销商 | E55: 淘宝/天猫 | F55: 广东 广州 | G55: 依然食品企业店 | H55: https://item.taobao.com/item.htm?id=761678711206 | I55: 卡士餐后一小时原味250g | J55: 8 | K55: 83.8 | L55: 10.9 | M55: 10.475 | N55: 是 | T55: 46079 | U55: 已调整 | W55: 761678711206 | X55: 卡士酸奶餐后一小时无蔗糖250g双歧杆菌发酵乳益生菌原味早餐奶 | Y55: 口味:【礼盒装】8瓶餐后一小时0蔗糖250g | Z55: 5644809638476 | AA55: 87.2 | AB55: -3.4
... A65: 46054 | B65: 46077 | C65: 广州大区 | D65: 未知经销商 | E65: 淘宝/天猫 | F65: 广东 广州 | G65: 依然食品企业店 | H65: https://item.taobao.com/item.htm?id=761678711206 | I65: 卡士007益生菌家庭装酸奶原味1kg（含港澳版） | J65: 2 | K65: 43.1 | L65: 24.9 | M65: 21.55 | N65: 是 | T65: 46080 | U65: 已调整 | W65: 761678711206 | X65: 卡士酸奶餐后一小时无蔗糖250g双歧杆菌发酵乳益生菌原味早餐奶 | Y65: 口味:【2瓶】家庭装原味1kg | Z65: 6154692730654 | AA65: 49.8 | AB65: -6.7
A66: 46054 | B66: 46078 | C66: 华东大区 | D66: 未知经销商 | E66: 淘宝/天猫 | F66: 江苏 苏州 | G66: 天润乳业苏州企业店 | H66: https://item.taobao.com/item.htm?id=1002248343921 | I66: 卡士断糖日记无蔗糖原味130g 单瓶 | J66: 4 | K66: 29.4 | L66: 7.4 | M66: 7.35 | N66: 是 | T66: 46080 | U66: 未调整 | V66: 满30.0减4.0；官方8.8折；淘金币可抵2%；商品券 | 满30减4 | W66: 1002248343921 | X66: 顺丰包邮！卡士无蔗糖酸奶原味早餐奶低温风味发酵乳断糖日记130g | Y66: 断糖日记原味130g*4杯 | Z66: 6159360794239 | AA66: 29.6 | AB66: -0.2 | AC66: 38 | AD66: 0
A67: 46054 | B67: 46078 | C67: 华东大区 | D67: 未知经销商 | E67: 淘宝/天猫 | F67: 江苏 苏州 | G67: 天润乳业苏州企业店 | H67: https://item.taobao.com/item.htm?id=1002248343921 | I67: 卡士断糖日记无蔗糖原味130g 单瓶 | J67: 8 | K67: 51.4 | L67: 7.4 | M67: 6.425 | N67: 是 | T67: 46080 | U67: 未调整 | V67: 满30.0减4.0；官方8.8折；淘金币可抵2%；商品券 | 满30减4 | W67: 1002248343921 | X67: 顺丰包邮！卡士无蔗糖酸奶原味早餐奶低温风味发酵乳断糖日记130g | Y67: 断糖日记原味130g*8杯 | Z67: 6159360794240 | AA67: 59.2 | AB67: -7.8 | AC67: 63 | AD67: 0
A68: 46054 | B68: 46078 | C68: 上海大区 | D68: 未知经销商 | E68: 淘宝/天猫 | F68: 上海 | G68: 巧福悦旗舰店 | H68: https://item.taobao.com/item.htm?id=937339498648 | I68: 卡士断糖日记无蔗糖原味130g 单瓶 | J68: 12 | K68: 72.09 | L68: 7.4 | M68: 6.0075 | N68: 是 | T68: 46081 | U68: 已下架 | V68: 官方8.8折；淘金币可抵2% | W68: 937339498648 | X68: 卡士酸奶断糖日记130g* 8杯发酵乳无蔗糖低温奶含益生菌代餐 | Y68: 断糖日记130g*12杯 | Z68: 5832469265963 | AA68: 88.8 | AB68: -16.71 | AC68: 81.99 | AD68: 0
A69: 46054 | B69: 46078 | C69: 华东大区 | D69: 未知经销商 | E69: 淘宝/天猫 | F69: 江苏 苏州 | G69: 天润乳业苏州企业店 | H69: https://item.taobao.com/item.htm?id=995962186635 | I69: 卡士吃酸大果粒风味发酵乳系列(黄桃、酸木瓜、粉芭乐）3联 | J69: 3 | K69: 91 | L69: 32.9 | M69: 30.333333 | N69: 是 | T69: 46080 | U69: 未调整 | V69: 满30.0减4.0；官方8.8折；淘金币频道抵扣5%起；商品券 | 满30减4 | W69: 995962186635 | X69: 顺丰包邮卡士酸奶吃酸粉芭乐柠檬水蜜桃黄桃木瓜140g低温奶发酵乳 | Y69: 吃酸粉芭乐柠檬+黄桃+木瓜三种组合9杯 | Z69: 6142769219892 | AA69: 98.7 | AB69: -7.7 | AC69: 109 | AD69: 5
A70: 46054 | B70: 46078 | C70: 华东大区 | D70: 未知经销商 | E70: 淘宝/天猫 | F70: 江苏 苏州 | G70: 天润乳业苏州企业店 | H70: https://item.taobao.com/item.htm?id=1012785399528 | I70: 卡士007无蔗糖益生菌家庭装酸奶原味969g 单瓶 | J70: 2 | K70: 49.6 | L70: 24.9 | M70: 24.8 | N70: 是 | T70: 46080 | U70: 未调整 | V70: 满30.0减4.0；官方8.8折；淘金币可抵2%；商品券 | 满30减4 | W70: 1012785399528 | X70: 顺丰包邮卡士007益生菌酸奶969g大瓶零0蔗糖健身宝宝控糖代餐早餐 | Y70: 007家庭装零蔗糖969g*2瓶 | Z70: 6017535636125 | AA70: 49.8 | AB70: -0.2 | AC70: 61 | AD70: 0
A71: 46054 | B71: 46078 | C71: 西南大区 | D71: 未知经销商 | E71: 淘宝/天猫 | F71: 四川 成都 | G71: 淘宝农场 | H71: https://item.taobao.com/item.htm?id=1016605787532 | I71: 卡士007益生菌酸奶原味440g 单瓶 | J71: 4 | K71: 38.76 | L71: 9.9 | M71: 9.69 | N71: 是 | T71: 46081 | U71: 已调整 | V71: 官方8.8折 | W71: 1016605787532 | X71: 顺丰包邮卡士007酸奶440g原味/428g0蔗糖小奶罐低温儿童营养酸奶 | Y71: 原味440g/瓶,4罐 | Z71: 6026056628336 | AA71: 39.6 | AB71: -0.84 | AC71: 46.8 | AD71: 100000
A72: 46054 | B72: 46078 | C72: 西南大区 | D72: 未知经销商 | E72: 淘宝/天猫 | F72: 四川 成都 | G72: 淘宝农场 | H72: https://item.taobao.com/item.htm?id=1016605787532 | I72: 卡士007益生菌酸奶原味440g 单瓶 | J72: 6 | K72: 53.48 | L72: 9.9 | M72: 8.9133333 | N72: 是 | T72: 46081 | U72: 未调整 | V72: 官方8.8折 | W72: 1016605787532 | X72: 顺丰包邮卡士007酸奶440g原味/428g0蔗糖小奶罐低温儿童营养酸奶 | Y72: 原味440g/瓶,6罐 | Z72: 6028609212864 | AA72: 59.4 | AB72: -5.92 | AC72: 64.5 | AD72: 100000
A73: 46054 | B73: 46078 | C73: 西南大区 | D73: 未知经销商 | E73: 淘宝/天猫 | F73: 四川 成都 | G73: 淘宝农场 | H73: https://item.taobao.com/item.htm?id=1016605787532 | I73: 卡士007益生菌酸奶原味440g 单瓶 | J73: 8 | K73: 68.1 | L73: 9.9 | M73: 8.5125 | N73: 是 | T73: 46081 | U73: 未调整 | V73: 官方8.8折 | W73: 1016605787532 | X73: 顺丰包邮卡士007酸奶440g原味/428g0蔗糖小奶罐低温儿童营养酸奶 | Y73: 原味440g/瓶,8罐 | Z73: 6028609212860 | AA73: 79.2 | AB73: -11.1 | AC73: 82.1 | AD73: 100000
A74: 46054 | B74: 46078 | C74: 西南大区 | D74: 未知经销商 | E74: 淘宝/天猫 | F74: 四川 成都 | G74: 淘宝农场 | H74: https://item.taobao.com/item.htm?id=1016605787532 | I74: 卡士007益生菌酸奶原味440g 单瓶 | J74: 10 | K74: 86.28 | L74: 9.9 | M74: 8.628 | N74: 是 | T74: 46081 | U74: 未调整 | V74: 官方8.8折 | W74: 1016605787532 | X74: 顺丰包邮卡士007酸奶440g原味/428g0蔗糖小奶罐低温儿童营养酸奶 | Y74: 原味440g/瓶,10罐 | Z74: 6028609212861 | AA74: 99 | AB74: -12.72 | AC74: 104.5 | AD74: 100000
A75: 46054 | B75: 46078 | C75: 西南大区 | D75: 未知经销商 | E75: 淘宝/天猫 | F75: 四川 成都 | G75: 淘宝农场 | H75: https://item.taobao.com/item.htm?id=1016605787532 | I75: 卡士007无蔗糖益生菌酸奶原味428g 单瓶 | J75: 6 | K75: 55.36 | L75: 9.9 | M75: 9.2266667 | N75: 是 | T75: 46081 | U75: 未调整 | V75: 官方8.8折 | W75: 1016605787532 | X75: 顺丰包邮卡士007酸奶440g原味/428g0蔗糖小奶罐低温儿童营养酸奶 | Y75: 原味0蔗糖428g/瓶,6罐 | Z75: 6028609212863 | AA75: 59.4 | AB75: -4.04 | AC75: 66.8 | AD75: 100000
A76: 46054 | B76: 46078 | C76: 西南大区 | D76: 未知经销商 | E76: 淘宝/天猫 | F76: 四川 成都 | G76: 淘宝农场 | H76: https://item.taobao.com/item.htm?id=1016605787532 | I76: 卡士007无蔗糖益生菌酸奶原味428g 单瓶 | J76: 8 | K76: 71.96 | L76: 9.9 | M76: 8.995 | N76: 是 | T76: 46081 | U76: 未调整 | V76: 官方8.8折 | W76: 1016605787532 | X76: 顺丰包邮卡士007酸奶440g原味/428g0蔗糖小奶罐低温儿童营养酸奶 | Y76: 原味0蔗糖428g/瓶,8罐 | Z76: 6028609212856 | AA76: 79.2 | AB76: -7.24 | AC76: 86.8 | AD76: 100000
A77: 46054 | B77: 46078 | C77: 西南大区 | D77: 未知经销商 | E77: 淘宝/天猫 | F77: 四川 成都 | G77: 淘宝农场 | H77: https://item.taobao.com/item.htm?id=1016605787532 | I77: 卡士007无蔗糖益生菌酸奶原味428g 单瓶 | J77: 10 | K77: 89.6 | L77: 9.9 | M77: 8.96 | N77: 是 | T77: 46081 | U77: 未调整 | V77: 官方8.8折 | W77: 1016605787532 | X77: 顺丰包邮卡士007酸奶440g原味/428g0蔗糖小奶罐低温儿童营养酸奶 | Y77: 原味0蔗糖428g/瓶,10罐 | Z77: 6028609212857 | AA77: 99 | AB77: -9.4 | AC77: 108 | AD77: 100000
... A96: 46054 | B96: 46078 | C96: 深圳大区 | D96: 未知经销商 | E96: 淘宝/天猫 | F96: 广东 深圳 | G96: 国货严选旗舰 | H96: https://item.taobao.com/item.htm?id=1015357937454 | I96: 卡士宝贝第二餐儿童酸奶（原味、西梅苹果味无蔗糖、4%蔗糖草莓蓝莓树莓味、4%蔗糖山楂六物味）（单袋85g） 单袋 | J96: 18 | K96: 118.08 | L96: 6.6 | M96: 6.56 | N96: 是 | T96: 46081 | U96: 未调整 | V96: 直降10.23元 | W96: 1015357937454 | X96: 顺丰包邮卡士爆款低温儿童酸奶宝贝第二餐原味85g蔗糖袋装国货 | Y96: 宝贝第二餐【西梅苹果味9袋+原味9袋】85g*共18杯 ｜ 顺丰送货上门 | Z96: 6194325951010 | AA96: 118.8 | AB96: -0.72 | AC96: 134.18 | AD96: 57
A97: 46054 | B97: 46078 | C97: 华东大区 | D97: 未知经销商 | E97: 淘宝/天猫 | F97: 浙江 杭州 | G97: 天天特卖工厂 | H97: https://item.taobao.com/item.htm?id=1018605121364 | I97: 卡士宝贝第二餐儿童酸奶（原味、西梅苹果味无蔗糖、4%蔗糖草莓蓝莓树莓味、4%蔗糖山楂六物味）（单袋85g） 单袋 | J97: 4 | K97: 21.9 | L97: 6.6 | M97: 5.475 | N97: 是 | T97: 46081 | U97: 未调整 | W97: 1018605121364 | X97: 卡士酸奶宝贝第二餐原味0蔗糖儿童酸奶宝宝奶低温酸奶顺丰包邮 | Y97: 【0%蔗糖】原味.简单纯粹,4袋 | Z97: 6027800233371 | AA97: 26.4 | AB97: -4.5 | AC97: 29.3 | AD97: 28
A98: 46054 | B98: 46078 | C98: 华东大区 | D98: 未知经销商 | E98: 淘宝/天猫 | F98: 浙江 杭州 | G98: 天天特卖工厂 | H98: https://item.taobao.com/item.htm?id=1018605121364 | I98: 卡士宝贝第二餐儿童酸奶（原味、西梅苹果味无蔗糖、4%蔗糖草莓蓝莓树莓味、4%蔗糖山楂六物味）（单袋85g） 单袋 | J98: 6 | K98: 29.92 | L98: 6.6 | M98: 4.9866667 | N98: 是 | T98: 46081 | U98: 未调整 | W98: 1018605121364 | X98: 卡士酸奶宝贝第二餐原味0蔗糖儿童酸奶宝宝奶低温酸奶顺丰包邮 | Y98: 【0%蔗糖】原味.简单纯粹,6袋 | Z98: 6192769739843 | AA98: 39.6 | AB98: -9.68 | AC98: 39.9 | AD98: 28
A99: 46054 | B99: 46078 | C99: 华东大区 | D99: 未知经销商 | E99: 淘宝/天猫 | F99: 浙江 杭州 | G99: 天天特卖工厂 | H99: https://item.taobao.com/item.htm?id=1018605121364 | I99: 卡士宝贝第二餐儿童酸奶（原味、西梅苹果味无蔗糖、4%蔗糖草莓蓝莓树莓味、4%蔗糖山楂六物味）（单袋85g） 单袋 | J99: 8 | K99: 38.86 | L99: 6.6 | M99: 4.8575 | N99: 是 | T99: 46081 | U99: 未调整 | W99: 1018605121364 | X99: 卡士酸奶宝贝第二餐原味0蔗糖儿童酸奶宝宝奶低温酸奶顺丰包邮 | Y99: 【0%蔗糖】原味.简单纯粹,8袋 | Z99: 6192769739842 | AA99: 52.8 | AB99: -13.94 | AC99: 51.9 | AD99: 28
A100: 46054 | B100: 46078 | C100: 华东大区 | D100: 未知经销商 | E100: 淘宝/天猫 | F100: 浙江 杭州 | G100: 天天特卖工厂 | H100: https://item.taobao.com/item.htm?id=1018605121364 | I100: 卡士宝贝第二餐儿童酸奶（原味、西梅苹果味无蔗糖、4%蔗糖草莓蓝莓树莓味、4%蔗糖山楂六物味）（单袋85g） 单袋 | J100: 10 | K100: 46.88 | L100: 6.6 | M100: 4.688 | N100: 是 | T100: 46081 | U100: 未调整 | W100: 1018605121364 | X100: 卡士酸奶宝贝第二餐原味0蔗糖儿童酸奶宝宝奶低温酸奶顺丰包邮 | Y100: 【0%蔗糖】原味.简单纯粹,10袋 | Z100: 6192769739841 | AA100: 66 | AB100: -19.12 | AC100: 62.5 | AD100: 28
A101: 46054 | B101: 46078 | C101: 华东大区 | D101: 未知经销商 | E101: 淘宝/天猫 | F101: 浙江 杭州 | G101: 天天特卖工厂 | H101: https://item.taobao.com/item.htm?id=1018605121364 | I101: 卡士宝贝第二餐儿童酸奶（原味、西梅苹果味无蔗糖、4%蔗糖草莓蓝莓树莓味、4%蔗糖山楂六物味）（单袋85g） 单袋 | J101: 12 | K101: 56.84 | L101: 6.6 | M101: 4.7366667 | N101: 是 | T101: 46081 | U101: 未调整 | W101: 1018605121364 | X101: 卡士酸奶宝贝第二餐原味0蔗糖儿童酸奶宝宝奶低温酸奶顺丰包邮 | Y101: 【0%蔗糖】原味.简单纯粹,12袋 | Z101: 6192769739840 | AA101: 79.2 | AB101: -22.36 | AC101: 75.9 | AD101: 28
A102: 46054 | B102: 46078 | C102: 华东大区 | D102: 未知经销商 | E102: 淘宝/天猫 | F102: 浙江 杭州 | G102: 天天特卖工厂 | H102: https://item.taobao.com/item.htm?id=1018605121364 | I102: 卡士宝贝第二餐儿童酸奶（原味、西梅苹果味无蔗糖、4%蔗糖草莓蓝莓树莓味、4%蔗糖山楂六物味）（单袋85g） 单袋 | J102: 4 | K102: 21.9 | L102: 6.6 | M102: 5.475 | N102: 是 | T102: 46081 | U102: 未调整 | W102: 1018605121364 | X102: 卡士酸奶宝贝第二餐原味0蔗糖儿童酸奶宝宝奶低温酸奶顺丰包邮 | Y102: 【0%蔗糖】西梅苹果味,4袋 | Z102: 6192769739855 | AA102: 26.4 | AB102: -4.5 | AC102: 29.3 | AD102: 28
A103: 46054 | B103: 46078 | C103: 华东大区 | D103: 未知经销商 | E103: 淘宝/天猫 | F103: 浙江 杭州 | G103: 天天特卖工厂 | H103: https://item.taobao.com/item.htm?id=1018605121364 | I103: 卡士宝贝第二餐儿童酸奶（原味、西梅苹果味无蔗糖、4%蔗糖草莓蓝莓树莓味、4%蔗糖山楂六物味）（单袋85g） 单袋 | J103: 6 | K103: 29.92 | L103: 6.6 | M103: 4.9866667 | N103: 是 | T103: 46081 | U103: 未调整 | W103: 1018605121364 | X103: 卡士酸奶宝贝第二餐原味0蔗糖儿童酸奶宝宝奶低温酸奶顺丰包邮 | Y103: 【0%蔗糖】西梅苹果味,6袋 | Z103: 6192769739854 | AA103: 39.6 | AB103: -9.68 | AC103: 39.9 | AD103: 28
A104: 46054 | B104: 46078 | C104: 华东大区 | D104: 未知经销商 | E104: 淘宝/天猫 | F104: 浙江 杭州 | G104: 天天特卖工厂 | H104: https://item.taobao.com/item.htm?id=1018605121364 | I104: 卡士宝贝第二餐儿童酸奶（原味、西梅苹果味无蔗糖、4%蔗糖草莓蓝莓树莓味、4%蔗糖山楂六物味）（单袋85g） 单袋 | J104: 8 | K104: 38.86 | L104: 6.6 | M104: 4.8575 | N104: 是 | T104: 46081 | U104: 未调整 | W104: 1018605121364 | X104: 卡士酸奶宝贝第二餐原味0蔗糖儿童酸奶宝宝奶低温酸奶顺丰包邮 | Y104: 【0%蔗糖】西梅苹果味,8袋 | Z104: 6192769739853 | AA104: 52.8 | AB104: -13.94 | AC104: 51.9 | AD104: 28
A105: 46054 | B105: 46078 | C105: 华东大区 | D105: 未知经销商 | E105: 淘宝/天猫 | F105: 浙江 杭州 | G105: 天天特卖工厂 | H105: https://item.taobao.com/item.htm?id=1018605121364 | I105: 卡士宝贝第二餐儿童酸奶（原味、西梅苹果味无蔗糖、4%蔗糖草莓蓝莓树莓味、4%蔗糖山楂六物味）（单袋85g） 单袋 | J105: 10 | K105: 46.88 | L105: 6.6 | M105: 4.688 | N105: 是 | T105: 46081 | U105: 未调整 | W105: 1018605121364 | X105: 卡士酸奶宝贝第二餐原味0蔗糖儿童酸奶宝宝奶低温酸奶顺丰包邮 | Y105: 【0%蔗糖】西梅苹果味,10袋 | Z105: 6192769739852 | AA105: 66 | AB105: -19.12 | AC105: 62.5 | AD105: 28
A106: 46054 | B106: 46078 | C106: 华东大区 | D106: 未知经销商 | E106: 淘宝/天猫 | F106: 浙江 杭州 | G106: 天天特卖工厂 | H106: https://item.taobao.com/item.htm?id=1018605121364 | I106: 卡士宝贝第二餐儿童酸奶（原味、西梅苹果味无蔗糖、4%蔗糖草莓蓝莓树莓味、4%蔗糖山楂六物味）（单袋85g） 单袋 | J106: 12 | K106: 56.84 | L106: 6.6 | M106: 4.7366667 | N106: 是 | T106: 46081 | U106: 未调整 | W106: 1018605121364 | X106: 卡士酸奶宝贝第二餐原味0蔗糖儿童酸奶宝宝奶低温酸奶顺丰包邮 | Y106: 【0%蔗糖】西梅苹果味,12袋 | Z106: 6192769739851 | AA106: 79.2 | AB106: -22.36 | AC106: 75.9 | AD106: 28
A107: 46054 | B107: 46078 | C107: 华东大区 | D107: 未知经销商 | E107: 淘宝/天猫 | F107: 浙江 杭州 | G107: 天天特卖工厂 | H107: https://item.taobao.com/item.htm?id=1018605121364 | I107: 卡士宝贝第二餐儿童酸奶（原味、西梅苹果味无蔗糖、4%蔗糖草莓蓝莓树莓味、4%蔗糖山楂六物味）（单袋85g） 单袋 | J107: 4 | K107: 21.9 | L107: 6.6 | M107: 5.475 | N107: 是 | T107: 46081 | U107: 未调整 | W107: 1018605121364 | X107: 卡士酸奶宝贝第二餐原味0蔗糖儿童酸奶宝宝奶低温酸奶顺丰包邮 | Y107: 【4%蔗糖】山楂鸡内金六物味,4袋 | Z107: 6192769739850 | AA107: 26.4 | AB107: -4.5 | AC107: 29.3 | AD107: 28
A108: 46054 | B108: 46078 | C108: 华东大区 | D108: 未知经销商 | E108: 淘宝/天猫 | F108: 浙江 杭州 | G108: 天天特卖工厂 | H108: https://item.taobao.com/item.htm?id=1018605121364 | I108: 卡士宝贝第二餐儿童酸奶（原味、西梅苹果味无蔗糖、4%蔗糖草莓蓝莓树莓味、4%蔗糖山楂六物味）（单袋85g） 单袋 | J108: 6 | K108: 29.92 | L108: 6.6 | M108: 4.9866667 | N108: 是 | T108: 46081 | U108: 未调整 | W108: 1018605121364 | X108: 卡士酸奶宝贝第二餐原味0蔗糖儿童酸奶宝宝奶低温酸奶顺丰包邮 | Y108: 【4%蔗糖】山楂鸡内金六物味,6袋 | Z108: 6192769739849 | AA108: 39.6 | AB108: -9.68 | AC108: 39.9 | AD108: 28
... A118: 46054 | B118: 46078 | C118: 华东大区 | D118: 未知经销商 | E118: 淘宝/天猫 | F118: 浙江 杭州 | G118: 天天特卖工厂 | H118: https://item.taobao.com/item.htm?id=1018605121364 | I118: 卡士宝贝第二餐儿童酸奶（原味、西梅苹果味无蔗糖、4%蔗糖草莓蓝莓树莓味、4%蔗糖山楂六物味）（单袋85g） 单袋 | J118: 10 | K118: 46.88 | L118: 6.6 | M118: 4.688 | N118: 是 | T118: 46081 | U118: 未调整 | W118: 1018605121364 | X118: 卡士酸奶宝贝第二餐原味0蔗糖儿童酸奶宝宝奶低温酸奶顺丰包邮 | Y118: 随机混合口味,10袋 | Z118: 6192769739845 | AA118: 66 | AB118: -19.12 | AC118: 62.5 | AD118: 28
A119: 46054 | B119: 46078 | C119: 西南大区 | D119: 未知经销商 | E119: 淘宝/天猫 | F119: 四川 成都 | G119: 好货严选工厂 | H119: https://item.taobao.com/item.htm?id=1018586877148 | I119: 卡士宝贝第二餐儿童酸奶（原味、西梅苹果味无蔗糖、4%蔗糖草莓蓝莓树莓味、4%蔗糖山楂六物味）（单袋85g） 单袋 | J119: 4 | K119: 25.7 | L119: 6.6 | M119: 6.425 | N119: 是 | T119: 46081 | U119: 未调整 | V119: 官方8.8折 | W119: 1018586877148 | X119: 卡士酸奶宝贝第二餐原味0蔗糖儿童酸奶宝宝奶低温酸奶顺丰包邮 | Y119: 【0%蔗糖】原味.简单纯粹,4袋 | Z119: 6192727235240 | AA119: 26.4 | AB119: -0.7 | AC119: 29.3 | AD119: 0
A120: 46054 | B120: 46078 | C120: 西南大区 | D120: 未知经销商 | E120: 淘宝/天猫 | F120: 四川 成都 | G120: 好货严选工厂 | H120: https://item.taobao.com/item.htm?id=1018586877148 | I120: 卡士宝贝第二餐儿童酸奶（原味、西梅苹果味无蔗糖、4%蔗糖草莓蓝莓树莓味、4%蔗糖山楂六物味）（单袋85g） 单袋 | J120: 6 | K120: 35.1 | L120: 6.6 | M120: 5.85 | N120: 是 | T120: 46081 | U120: 未调整 | V120: 官方8.8折 | W120: 1018586877148 | X120: 卡士酸奶宝贝第二餐原味0蔗糖儿童酸奶宝宝奶低温酸奶顺丰包邮 | Y120: 【0%蔗糖】原味.简单纯粹,6袋 | Z120: 6192727235241 | AA120: 39.6 | AB120: -4.5 | AC120: 39.9 | AD120: 0
A121: 46054 | B121: 46078 | C121: 西南大区 | D121: 未知经销商 | E121: 淘宝/天猫 | F121: 四川 成都 | G121: 好货严选工厂 | H121: https://item.taobao.com/item.htm?id=1018586877148 | I121: 卡士宝贝第二餐儿童酸奶（原味、西梅苹果味无蔗糖、4%蔗糖草莓蓝莓树莓味、4%蔗糖山楂六物味）（单袋85g） 单袋 | J121: 8 | K121: 45.6 | L121: 6.6 | M121: 5.7 | N121: 是 | T121: 46081 | U121: 未调整 | V121: 官方8.8折 | W121: 1018586877148 | X121: 卡士酸奶宝贝第二餐原味0蔗糖儿童酸奶宝宝奶低温酸奶顺丰包邮 | Y121: 【0%蔗糖】原味.简单纯粹,8袋 | Z121: 6192727235242 | AA121: 52.8 | AB121: -7.2 | AC121: 51.9 | AD121: 0
A122: 46054 | B122: 46078 | C122: 西南大区 | D122: 未知经销商 | E122: 淘宝/天猫 | F122: 四川 成都 | G122: 好货严选工厂 | H122: https://item.taobao.com/item.htm?id=1018586877148 | I122: 卡士宝贝第二餐儿童酸奶（原味、西梅苹果味无蔗糖、4%蔗糖草莓蓝莓树莓味、4%蔗糖山楂六物味）（单袋85g） 单袋 | J122: 10 | K122: 55 | L122: 6.6 | M122: 5.5 | N122: 是 | T122: 46081 | U122: 未调整 | V122: 官方8.8折 | W122: 1018586877148 | X122: 卡士酸奶宝贝第二餐原味0蔗糖儿童酸奶宝宝奶低温酸奶顺丰包邮 | Y122: 【0%蔗糖】原味.简单纯粹,10袋 | Z122: 6192727235243 | AA122: 66 | AB122: -11 | AC122: 62.5 | AD122: 0
A123: 46054 | B123: 46078 | C123: 西南大区 | D123: 未知经销商 | E123: 淘宝/天猫 | F123: 四川 成都 | G123: 好货严选工厂 | H123: https://item.taobao.com/item.htm?id=1018586877148 | I123: 卡士宝贝第二餐儿童酸奶（原味、西梅苹果味无蔗糖、4%蔗糖草莓蓝莓树莓味、4%蔗糖山楂六物味）（单袋85g） 单袋 | J123: 12 | K123: 66.7 | L123: 6.6 | M123: 5.5583333 | N123: 是 | T123: 46081 | U123: 未调整 | V123: 官方8.8折 | W123: 1018586877148 | X123: 卡士酸奶宝贝第二餐原味0蔗糖儿童酸奶宝宝奶低温酸奶顺丰包邮 | Y123: 【0%蔗糖】原味.简单纯粹,12袋 | Z123: 6192727235244 | AA123: 79.2 | AB123: -12.5 | AC123: 75.9 | AD123: 0
A124: 46054 | B124: 46078 | C124: 西南大区 | D124: 未知经销商 | E124: 淘宝/天猫 | F124: 四川 成都 | G124: 好货严选工厂 | H124: https://item.taobao.com/item.htm?id=1018586877148 | I124: 卡士宝贝第二餐儿童酸奶（原味、西梅苹果味无蔗糖、4%蔗糖草莓蓝莓树莓味、4%蔗糖山楂六物味）（单袋85g） 单袋 | J124: 4 | K124: 25.7 | L124: 6.6 | M124: 6.425 | N124: 是 | T124: 46080 | U124: 已调整 | V124: 官方8.8折 | W124: 1018586877148 | X124: 卡士酸奶宝贝第二餐原味0蔗糖儿童酸奶宝宝奶低温酸奶顺丰包邮 | Y124: 【0%蔗糖】西梅苹果味,4袋 | Z124: 6192727235245 | AA124: 26.4 | AB124: -0.7 | AC124: 29.3 | AD124: 0
A125: 46054 | B125: 46078 | C125: 西南大区 | D125: 未知经销商 | E125: 淘宝/天猫 | F125: 四川 成都 | G125: 好货严选工厂 | H125: https://item.taobao.com/item.htm?id=1018586877148 | I125: 卡士宝贝第二餐儿童酸奶（原味、西梅苹果味无蔗糖、4%蔗糖草莓蓝莓树莓味、4%蔗糖山楂六物味）（单袋85g） 单袋 | J125: 6 | K125: 35.1 | L125: 6.6 | M125: 5.85 | N125: 是 | T125: 46080 | U125: 已调整 | V125: 官方8.8折 | W125: 1018586877148 | X125: 卡士酸奶宝贝第二餐原味0蔗糖儿童酸奶宝宝奶低温酸奶顺丰包邮 | Y125: 【0%蔗糖】西梅苹果味,6袋 | Z125: 6192727235246 | AA125: 39.6 | AB125: -4.5 | AC125: 39.9 | AD125: 0
A126: 46054 | B126: 46078 | C126: 西南大区 | D126: 未知经销商 | E126: 淘宝/天猫 | F126: 四川 成都 | G126: 好货严选工厂 | H126: https://item.taobao.com/item.htm?id=1018586877148 | I126: 卡士宝贝第二餐儿童酸奶（原味、西梅苹果味无蔗糖、4%蔗糖草莓蓝莓树莓味、4%蔗糖山楂六物味）（单袋85g） 单袋 | J126: 8 | K126: 45.6 | L126: 6.6 | M126: 5.7 | N126: 是 | T126: 46080 | U126: 已调整 | V126: 官方8.8折 | W126: 1018586877148 | X126: 卡士酸奶宝贝第二餐原味0蔗糖儿童酸奶宝宝奶低温酸奶顺丰包邮 | Y126: 【0%蔗糖】西梅苹果味,8袋 | Z126: 6192727235247 | AA126: 52.8 | AB126: -7.2 | AC126: 51.9 | AD126: 0
A127: 46054 | B127: 46078 | C127: 西南大区 | D127: 未知经销商 | E127: 淘宝/天猫 | F127: 四川 成都 | G127: 好货严选工厂 | H127: https://item.taobao.com/item.htm?id=1018586877148 | I127: 卡士宝贝第二餐儿童酸奶（原味、西梅苹果味无蔗糖、4%蔗糖草莓蓝莓树莓味、4%蔗糖山楂六物味）（单袋85g） 单袋 | J127: 10 | K127: 55 | L127: 6.6 | M127: 5.5 | N127: 是 | T127: 46080 | U127: 已调整 | V127: 官方8.8折 | W127: 1018586877148 | X127: 卡士酸奶宝贝第二餐原味0蔗糖儿童酸奶宝宝奶低温酸奶顺丰包邮 | Y127: 【0%蔗糖】西梅苹果味,10袋 | Z127: 6192727235248 | AA127: 66 | AB127: -11 | AC127: 62.5 | AD127: 0
A128: 46054 | B128: 46078 | C128: 西南大区 | D128: 未知经销商 | E128: 淘宝/天猫 | F128: 四川 成都 | G128: 好货严选工厂 | H128: https://item.taobao.com/item.htm?id=1018586877148 | I128: 卡士宝贝第二餐儿童酸奶（原味、西梅苹果味无蔗糖、4%蔗糖草莓蓝莓树莓味、4%蔗糖山楂六物味）（单袋85g） 单袋 | J128: 12 | K128: 66.7 | L128: 6.6 | M128: 5.5583333 | N128: 是 | T128: 46080 | U128: 已调整 | V128: 官方8.8折 | W128: 1018586877148 | X128: 卡士酸奶宝贝第二餐原味0蔗糖儿童酸奶宝宝奶低温酸奶顺丰包邮 | Y128: 【0%蔗糖】西梅苹果味,12袋 | Z128: 6192727235249 | AA128: 79.2 | AB128: -12.5 | AC128: 75.9 | AD128: 0
A129: 46054 | B129: 46078 | C129: 西南大区 | D129: 未知经销商 | E129: 淘宝/天猫 | F129: 四川 成都 | G129: 好货严选工厂 | H129: https://item.taobao.com/item.htm?id=1018586877148 | I129: 卡士宝贝第二餐儿童酸奶（原味、西梅苹果味无蔗糖、4%蔗糖草莓蓝莓树莓味、4%蔗糖山楂六物味）（单袋85g） 单袋 | J129: 4 | K129: 25.7 | L129: 6.6 | M129: 6.425 | N129: 是 | T129: 46081 | U129: 未调整 | V129: 官方8.8折 | W129: 1018586877148 | X129: 卡士酸奶宝贝第二餐原味0蔗糖儿童酸奶宝宝奶低温酸奶顺丰包邮 | Y129: 【4%蔗糖】山楂鸡内金六物味,4袋 | Z129: 6192727235250 | AA129: 26.4 | AB129: -0.7 | AC129: 29.3 | AD129: 0
A130: 46054 | B130: 46078 | C130: 西南大区 | D130: 未知经销商 | E130: 淘宝/天猫 | F130: 四川 成都 | G130: 好货严选工厂 | H130: https://item.taobao.com/item.htm?id=1018586877148 | I130: 卡士宝贝第二餐儿童酸奶（原味、西梅苹果味无蔗糖、4%蔗糖草莓蓝莓树莓味、4%蔗糖山楂六物味）（单袋85g） 单袋 | J130: 6 | K130: 35.1 | L130: 6.6 | M130: 5.85 | N130: 是 | T130: 46081 | U130: 未调整 | V130: 官方8.8折 | W130: 1018586877148 | X130: 卡士酸奶宝贝第二餐原味0蔗糖儿童酸奶宝宝奶低温酸奶顺丰包邮 | Y130: 【4%蔗糖】山楂鸡内金六物味,6袋 | Z130: 6192727235251 | AA130: 39.6 | AB130: -4.5 | AC130: 39.9 | AD130: 0
... A173: 46054 | B173: 46078 | C173: 华东大区 | D173: 未知经销商 | E173: 淘宝/天猫 | F173: 浙江杭州 | G173: 国货严选旗舰 | H173: https://detail.tmall.com/item.htm?id=999072258005 | I173: 卡士断糖日记无蔗糖原味130g 单瓶 | J173: 24 | K173: 146.64 | L173: 7.4 | M173: 6.11 | N173: 是 | T173: 46081 | U173: 未调整 | V173: 官方8.8折；淘金币频道抵扣6%起 | W173: 999072258005 | X173: 卡士无蔗糖酸奶断糖日记12无添加剂无代糖营养早餐低温发酵乳原味 | Y173: 【断糖日记生椰味】130g*24杯 ｜ 顺丰送货上门 | Z173: 6005628797614 | AA173: 177.6 | AB173: -30.96 | AC173: 167.64 | AD173: 31
A174: 46054 | B174: 46078 | C174: 广州大区 | D174: 未知经销商 | E174: 淘宝/天猫 | F174: 广东广州 | G174: 温氏牛奶直供 | H174: https://item.taobao.com/item.htm?id=677349876394 | I174: 卡士007无蔗糖益生菌家庭装酸奶原味969g 单瓶 | J174: 6 | K174: 149 | L174: 24.9 | M174: 24.833333 | N174: 是 | T174: 46080 | U174: 未调整 | W174: 677349876394 | X174: 卡士酸奶007无蔗糖家庭装益生菌原味酸牛奶儿童早餐大瓶酸奶 | Y174: 卡士无蔗糖969g,6瓶 | Z174: 4863454632944 | AA174: 149.4 | AB174: -0.4 | AC174: 149 | AD174: 43
A175: 46054 | B175: 46078 | C175: 广州大区 | D175: 未知经销商 | E175: 淘宝/天猫 | F175: 广东广州 | G175: 温氏牛奶直供 | H175: https://item.taobao.com/item.htm?id=677349876394 | I175: 卡士007益生菌家庭装酸奶原味1kg（含港澳版） | J175: 6 | K175: 149 | L175: 24.9 | M175: 24.833333 | N175: 是 | T175: 46080 | U175: 未调整 | W175: 677349876394 | X175: 卡士酸奶007无蔗糖家庭装益生菌原味酸牛奶儿童早餐大瓶酸奶 | Y175: 卡士有糖原味1000g,6瓶 | Z175: 4863454632947 | AA175: 149.4 | AB175: -0.4 | AC175: 149 | AD175: 43
A176: 46054 | B176: 46078 | C176: 广州大区 | D176: 未知经销商 | E176: 淘宝/天猫 | F176: 广东广州 | G176: 温氏牛奶直供 | H176: https://item.taobao.com/item.htm?id=677349876394 | I176: 卡士007无蔗糖益生菌家庭装酸奶原味969g 单瓶 | J176: 6 | K176: 149 | L176: 24.9 | M176: 24.833333 | N176: 是 | T176: 46080 | U176: 未调整 | W176: 677349876394 | X176: 卡士酸奶007无蔗糖家庭装益生菌原味酸牛奶儿童早餐大瓶酸奶 | Y176: 有糖1000g+无糖969g,6瓶 | Z176: 5039718053795 | AA176: 149.4 | AB176: -0.4 | AC176: 149 | AD176: 43
A177: 46054 | B177: 46078 | C177: 华东大区 | D177: 未知经销商 | E177: 淘宝/天猫 | F177: 浙江杭州 | G177: 天天特卖工厂 | H177: https://item.taobao.com/item.htm?id=900529456243 | I177: 卡士宝贝第二餐儿童酸奶（原味、西梅苹果味无蔗糖、4%蔗糖草莓蓝莓树莓味、4%蔗糖山楂六物味）（单袋85g） 单袋 | J177: 6 | K177: 29.91 | L177: 6.6 | M177: 4.985 | N177: 是 | T177: 46081 | U177: 未调整 | V177: 直降9.69元 | W177: 900529456243 | X177: 【下拉领补贴】卡士宝贝第二餐低温儿童酸奶原味蓝莓味宝宝酸奶 | Y177: 宝贝第二餐原味*6袋 | Z177: 5923406963137 | AA177: 39.6 | AB177: -9.69 | AC177: 39.6 | AD177: 5000
A178: 46054 | B178: 46078 | C178: 华东大区 | D178: 未知经销商 | E178: 淘宝/天猫 | F178: 浙江杭州 | G178: 天天特卖工厂 | H178: https://item.taobao.com/item.htm?id=900529456243 | I178: 卡士宝贝第二餐儿童酸奶（原味、西梅苹果味无蔗糖、4%蔗糖草莓蓝莓树莓味、4%蔗糖山楂六物味）（单袋85g） 单袋 | J178: 6 | K178: 32.21 | L178: 6.6 | M178: 5.3683333 | N178: 是 | T178: 46081 | U178: 未调整 | V178: 直降9.69元 | W178: 900529456243 | X178: 【下拉领补贴】卡士宝贝第二餐低温儿童酸奶原味蓝莓味宝宝酸奶 | Y178: 宝贝第二餐西梅味*6袋 | Z178: 5923406963136 | AA178: 39.6 | AB178: -7.39 | AC178: 39.6 | AD178: 5000
A179: 46054 | B179: 46078 | C179: 华东大区 | D179: 未知经销商 | E179: 淘宝/天猫 | F179: 浙江杭州 | G179: 天天特卖工厂 | H179: https://item.taobao.com/item.htm?id=900529456243 | I179: 卡士宝贝第二餐儿童酸奶（原味、西梅苹果味无蔗糖、4%蔗糖草莓蓝莓树莓味、4%蔗糖山楂六物味）（单袋85g） 单袋 | J179: 6 | K179: 32.21 | L179: 6.6 | M179: 5.3683333 | N179: 是 | T179: 46081 | U179: 未调整 | V179: 直降9.69元 | W179: 900529456243 | X179: 【下拉领补贴】卡士宝贝第二餐低温儿童酸奶原味蓝莓味宝宝酸奶 | Y179: 宝贝第二餐蓝莓树莓味*6袋 | Z179: 5921929046394 | AA179: 39.6 | AB179: -7.39 | AC179: 39.6 | AD179: 5000
A180: 46054 | B180: 46078 | C180: 华东大区 | D180: 未知经销商 | E180: 淘宝/天猫 | F180: 浙江杭州 | G180: 天天特卖工厂 | H180: https://item.taobao.com/item.htm?id=900529456243 | I180: 卡士宝贝第二餐儿童酸奶（原味、西梅苹果味无蔗糖、4%蔗糖草莓蓝莓树莓味、4%蔗糖山楂六物味）（单袋85g） 单袋 | J180: 10 | K180: 45.47 | L180: 6.6 | M180: 4.547 | N180: 是 | T180: 46081 | U180: 未调整 | V180: 直降9.69元 | W180: 900529456243 | X180: 【下拉领补贴】卡士宝贝第二餐低温儿童酸奶原味蓝莓味宝宝酸奶 | Y180: 宝贝第二餐原味*10袋 | Z180: 5923406963135 | AA180: 66 | AB180: -20.53 | AC180: 55.9 | AD180: 5000
A181: 46054 | B181: 46078 | C181: 华东大区 | D181: 未知经销商 | E181: 淘宝/天猫 | F181: 浙江杭州 | G181: 天天特卖工厂 | H181: https://item.taobao.com/item.htm?id=900529456243 | I181: 卡士宝贝第二餐儿童酸奶（原味、西梅苹果味无蔗糖、4%蔗糖草莓蓝莓树莓味、4%蔗糖山楂六物味）（单袋85g） 单袋 | J181: 10 | K181: 45.47 | L181: 6.6 | M181: 4.547 | N181: 是 | T181: 46081 | U181: 未调整 | V181: 直降9.69元 | W181: 900529456243 | X181: 【下拉领补贴】卡士宝贝第二餐低温儿童酸奶原味蓝莓味宝宝酸奶 | Y181: 宝贝第二餐西梅味*10袋 | Z181: 5923406963141 | AA181: 66 | AB181: -20.53 | AC181: 55.9 | AD181: 5000
A182: 46054 | B182: 46078 | C182: 华东大区 | D182: 未知经销商 | E182: 淘宝/天猫 | F182: 浙江杭州 | G182: 天天特卖工厂 | H182: https://item.taobao.com/item.htm?id=900529456243 | I182: 卡士宝贝第二餐儿童酸奶（原味、西梅苹果味无蔗糖、4%蔗糖草莓蓝莓树莓味、4%蔗糖山楂六物味）（单袋85g） 单袋 | J182: 10 | K182: 45.47 | L182: 6.6 | M182: 4.547 | N182: 是 | T182: 46081 | U182: 未调整 | V182: 直降9.69元 | W182: 900529456243 | X182: 【下拉领补贴】卡士宝贝第二餐低温儿童酸奶原味蓝莓味宝宝酸奶 | Y182: 宝贝第二餐蓝莓树莓味*10袋 | Z182: 5923406963140 | AA182: 66 | AB182: -20.53 | AC182: 55.9 | AD182: 5000
A183: 46054 | B183: 46078 | C183: 华东大区 | D183: 未知经销商 | E183: 淘宝/天猫 | F183: 浙江杭州 | G183: 天天特卖工厂 | H183: https://item.taobao.com/item.htm?id=900529456243 | I183: 卡士宝贝第二餐儿童酸奶（原味、西梅苹果味无蔗糖、4%蔗糖草莓蓝莓树莓味、4%蔗糖山楂六物味）（单袋85g） 单袋 | J183: 15 | K183: 64.99 | L183: 6.6 | M183: 4.3326667 | N183: 是 | T183: 46081 | U183: 未调整 | V183: 直降9.69元 | W183: 900529456243 | X183: 【下拉领补贴】卡士宝贝第二餐低温儿童酸奶原味蓝莓味宝宝酸奶 | Y183: 宝贝第二餐原味*15袋 | Z183: 5923406963139 | AA183: 99 | AB183: -34.01 | AC183: 79.9 | AD183: 5000
A184: 46054 | B184: 46078 | C184: 华东大区 | D184: 未知经销商 | E184: 淘宝/天猫 | F184: 浙江杭州 | G184: 天天特卖工厂 | H184: https://item.taobao.com/item.htm?id=900529456243 | I184: 卡士宝贝第二餐儿童酸奶（原味、西梅苹果味无蔗糖、4%蔗糖草莓蓝莓树莓味、4%蔗糖山楂六物味）（单袋85g） 单袋 | J184: 15 | K184: 64.99 | L184: 6.6 | M184: 4.3326667 | N184: 是 | T184: 46081 | U184: 未调整 | V184: 直降9.69元 | W184: 900529456243 | X184: 【下拉领补贴】卡士宝贝第二餐低温儿童酸奶原味蓝莓味宝宝酸奶 | Y184: 宝贝第二餐西梅味*15袋 | Z184: 5923406963138 | AA184: 99 | AB184: -34.01 | AC184: 79.9 | AD184: 5000
A185: 46054 | B185: 46078 | C185: 华东大区 | D185: 未知经销商 | E185: 淘宝/天猫 | F185: 浙江杭州 | G185: 天天特卖工厂 | H185: https://item.taobao.com/item.htm?id=900529456243 | I185: 卡士宝贝第二餐儿童酸奶（原味、西梅苹果味无蔗糖、4%蔗糖草莓蓝莓树莓味、4%蔗糖山楂六物味）（单袋85g） 单袋 | J185: 15 | K185: 64.99 | L185: 6.6 | M185: 4.3326667 | N185: 是 | T185: 46081 | U185: 未调整 | V185: 直降9.69元 | W185: 900529456243 | X185: 【下拉领补贴】卡士宝贝第二餐低温儿童酸奶原味蓝莓味宝宝酸奶 | Y185: 宝贝第二餐蓝莓树莓味*15袋 | Z185: 5923406963142 | AA185: 99 | AB185: -34.01 | AC185: 79.9 | AD185: 5000
A186: 46054 | B186: 46078 | C186: 华东大区 | D186: 未知经销商 | E186: 淘宝/天猫 | F186: 浙江杭州 | G186: 天天特卖工厂 | H186: https://detail.tmall.com/item.htm?id=986056902495 | I186: 卡士宝贝第二餐儿童酸奶（原味、西梅苹果味无蔗糖、4%蔗糖草莓蓝莓树莓味、4%蔗糖山楂六物味）（单袋85g） 单袋 | J186: 18 | K186: 109 | L186: 6.6 | M186: 6.0555556 | N186: 是 | T186: 46081 | U186: 未调整 | V186: 满1.01减1.0；官方8.8折；淘金币频道抵扣8%起；商品券 | 满1.01减1 | W186: 986056902495 | X186: 卡士宝贝第二餐85g原味无添加剂0蔗糖辅食儿童酸奶低温袋装发酵 | Y186: 【宝贝第二餐0蔗糖】原味 简单纯粹,18袋 | Z186: 6115826863013 | AA186: 118.8 | AB186: -9.8 | AC186: 126 | AD186: 11
A187: 46054 | B187: 46078 | C187: 华东大区 | D187: 未知经销商 | E187: 淘宝/天猫 | F187: 浙江杭州 | G187: 天天特卖工厂 | H187: https://detail.tmall.com/item.htm?id=986056902495 | I187: 卡士宝贝第二餐儿童酸奶（原味、西梅苹果味无蔗糖、4%蔗糖草莓蓝莓树莓味、4%蔗糖山楂六物味）（单袋85g） 单袋 | J187: 18 | K187: 109 | L187: 6.6 | M187: 6.0555556 | N187: 是 | T187: 46081 | U187: 未调整 | V187: 满1.01减1.0；官方8.8折；淘金币频道抵扣8%起；商品券 | 满1.01减1 | W187: 986056902495 | X187: 卡士宝贝第二餐85g原味无添加剂0蔗糖辅食儿童酸奶低温袋装发酵 | Y187: 【宝贝第二餐0蔗糖】西梅苹果味 肚肚轻松,18袋 | Z187: 6115826863015 | AA187: 118.8 | AB187: -9.8 | AC187: 126 | AD187: 11
A188: 46054 | B188: 46078 | C188: 华东大区 | D188: 未知经销商 | E188: 淘宝/天猫 | F188: 浙江杭州 | G188: 天天特卖工厂 | H188: https://detail.tmall.com/item.htm?id=986056902495 | I188: 卡士宝贝第二餐儿童酸奶（原味、西梅苹果味无蔗糖、4%蔗糖草莓蓝莓树莓味、4%蔗糖山楂六物味）（单袋85g） 单袋 | J188: 18 | K188: 109 | L188: 6.6 | M188: 6.0555556 | N188: 是 | T188: 46081 | U188: 未调整 | V188: 满1.01减1.0；官方8.8折；淘金币频道抵扣8%起；商品券 | 满1.01减1 | W188: 986056902495 | X188: 卡士宝贝第二餐85g原味无添加剂0蔗糖辅食儿童酸奶低温袋装发酵 | Y188: 【宝贝第二餐4%蔗糖】山楂鸡内金六物味 吃饭香,18袋 | Z188: 6115826863017 | AA188: 118.8 | AB188: -9.8 | AC188: 126 | AD188: 11
... A205: 46054 | B205: 46078 | C205: 华东大区 | D205: 未知经销商 | E205: 淘宝/天猫 | F205: 江苏苏州 | G205: 天润乳业苏州企业店 | H205: https://item.taobao.com/item.htm?id=909763580110 | I205: 卡士007益生菌家庭装酸奶原味1kg（含港澳版） | J205: 2 | K205: 47 | L205: 24.9 | M205: 23.5 | N205: 是 | T205: 46080 | U205: 未调整 | V205: 满30.0减4.0；官方8.8折；淘金币可抵2%；商品券 | 满30减4 | W205: 909763580110 | X205: 卡士007家庭装原味含糖酸奶小奶罐宝宝喝的风味发酵乳儿童早餐奶 | Y205: 007益生菌家庭装原味1kg*2瓶 | Z205: 5936931094386 | AA205: 49.8 | AB205: -2.8 | AC205: 58 | AD205: 2
A206: 46054 | B206: 46078 | C206: 无法判定大区 | D206: 未知经销商 | E206: 淘宝/天猫 | G206: 淘宝农场 | H206: https://detail.tmall.com/item.htm?id=917183739717 | I206: 卡士007无蔗糖益生菌家庭装酸奶原味969g 单瓶 | J206: 2 | K206: 45.21 | L206: 24.9 | M206: 22.605 | N206: 是 | T206: 46081 | U206: 未调整 | V206: 淘金币可抵1% | W206: 917183739717 | X206: 卡士007益生菌酸奶969g大瓶原味酸牛奶0蔗糖 | Y206: 原味969g×2瓶 | Z206: 5954256459413 | AA206: 49.8 | AB206: -4.59 | AC206: 45.21 | AD206: 100000
A207: 46054 | B207: 46078 | C207: 深圳大区 | D207: 未知经销商 | E207: 淘宝/天猫 | F207: 广东深圳 | G207: 淘宝农场 | H207: https://detail.tmall.com/item.htm?id=981081959808 | I207: 卡士宝贝第二餐儿童酸奶（原味、西梅苹果味无蔗糖、4%蔗糖草莓蓝莓树莓味、4%蔗糖山楂六物味）（单袋85g） 单袋 | J207: 4 | K207: 22 | L207: 6.6 | M207: 5.5 | N207: 是 | T207: 46081 | U207: 未调整 | V207: 官方8.8折；淘金币频道抵扣6%起 | W207: 981081959808 | X207: 卡士酸奶第二餐85g*10袋儿童原味酸奶西梅苹果味无蔗糖 | Y207: 原味（0蔗糖）85g/袋,4袋 | Z207: 6026695140360 | AA207: 26.4 | AB207: -4.4 | AC207: 28 | AD207: 100000
A208: 46054 | B208: 46078 | C208: 深圳大区 | D208: 未知经销商 | E208: 淘宝/天猫 | F208: 广东深圳 | G208: 淘宝农场 | H208: https://detail.tmall.com/item.htm?id=981081959808 | I208: 卡士宝贝第二餐儿童酸奶（原味、西梅苹果味无蔗糖、4%蔗糖草莓蓝莓树莓味、4%蔗糖山楂六物味）（单袋85g） 单袋 | J208: 6 | K208: 29.9 | L208: 6.6 | M208: 4.9833333 | N208: 是 | T208: 46081 | U208: 未调整 | V208: 官方8.8折；淘金币频道抵扣6%起 | W208: 981081959808 | X208: 卡士酸奶第二餐85g*10袋儿童原味酸奶西梅苹果味无蔗糖 | Y208: 原味（0蔗糖）85g/袋,6袋 | Z208: 6026695140359 | AA208: 39.6 | AB208: -9.7 | AC208: 39 | AD208: 100000
A209: 46054 | B209: 46078 | C209: 深圳大区 | D209: 未知经销商 | E209: 淘宝/天猫 | F209: 广东深圳 | G209: 淘宝农场 | H209: https://detail.tmall.com/item.htm?id=981081959808 | I209: 卡士宝贝第二餐儿童酸奶（原味、西梅苹果味无蔗糖、4%蔗糖草莓蓝莓树莓味、4%蔗糖山楂六物味）（单袋85g） 单袋 | J209: 8 | K209: 38.9 | L209: 6.6 | M209: 4.8625 | N209: 是 | T209: 46081 | U209: 未调整 | V209: 官方8.8折；淘金币频道抵扣6%起 | W209: 981081959808 | X209: 卡士酸奶第二餐85g*10袋儿童原味酸奶西梅苹果味无蔗糖 | Y209: 原味（0蔗糖）85g/袋,8袋 | Z209: 6026695140358 | AA209: 52.8 | AB209: -13.9 | AC209: 52 | AD209: 100000
A210: 46054 | B210: 46078 | C210: 深圳大区 | D210: 未知经销商 | E210: 淘宝/天猫 | F210: 广东深圳 | G210: 淘宝农场 | H210: https://detail.tmall.com/item.htm?id=981081959808 | I210: 卡士宝贝第二餐儿童酸奶（原味、西梅苹果味无蔗糖、4%蔗糖草莓蓝莓树莓味、4%蔗糖山楂六物味）（单袋85g） 单袋 | J210: 10 | K210: 46.9 | L210: 6.6 | M210: 4.69 | N210: 是 | T210: 46081 | U210: 未调整 | V210: 官方8.8折；淘金币频道抵扣6%起 | W210: 981081959808 | X210: 卡士酸奶第二餐85g*10袋儿童原味酸奶西梅苹果味无蔗糖 | Y210: 原味（0蔗糖）85g/袋,10袋 | Z210: 6026695140357 | AA210: 66 | AB210: -19.1 | AC210: 66 | AD210: 100000
A211: 46054 | B211: 46078 | C211: 深圳大区 | D211: 未知经销商 | E211: 淘宝/天猫 | F211: 广东深圳 | G211: 淘宝农场 | H211: https://detail.tmall.com/item.htm?id=981081959808 | I211: 卡士宝贝第二餐儿童酸奶（原味、西梅苹果味无蔗糖、4%蔗糖草莓蓝莓树莓味、4%蔗糖山楂六物味）（单袋85g） 单袋 | J211: 12 | K211: 56.9 | L211: 6.6 | M211: 4.7416667 | N211: 是 | T211: 46081 | U211: 未调整 | V211: 官方8.8折；淘金币频道抵扣6%起 | W211: 981081959808 | X211: 卡士酸奶第二餐85g*10袋儿童原味酸奶西梅苹果味无蔗糖 | Y211: 原味（0蔗糖）85g/袋,12袋 | Z211: 6026695140361 | AA211: 79.2 | AB211: -22.3 | AC211: 81 | AD211: 100000
A212: 46054 | B212: 46078 | C212: 深圳大区 | D212: 未知经销商 | E212: 淘宝/天猫 | F212: 广东深圳 | G212: 淘宝农场 | H212: https://detail.tmall.com/item.htm?id=981081959808 | I212: 卡士宝贝第二餐儿童酸奶（原味、西梅苹果味无蔗糖、4%蔗糖草莓蓝莓树莓味、4%蔗糖山楂六物味）（单袋85g） 单袋 | J212: 4 | K212: 22 | L212: 6.6 | M212: 5.5 | N212: 是 | T212: 46081 | U212: 未调整 | V212: 官方8.8折；淘金币频道抵扣6%起 | W212: 981081959808 | X212: 卡士酸奶第二餐85g*10袋儿童原味酸奶西梅苹果味无蔗糖 | Y212: 西梅苹果味（0蔗糖）85g/袋,4袋 | Z212: 6111154555848 | AA212: 26.4 | AB212: -4.4 | AC212: 25 | AD212: 100000
...

Sheet 违规已知经销商

Sheet 白名单
A1: 分类 | B1: 平台/渠道 | C1: 店铺名称 | D1: 业务类型 | E1: 大区 | F1: 经销商 | G1: 授权公司名称 | H1: 授权地区 | I1: 授权品项 | K1: 华中提供 | L1: 大区 | M1: 经销商 | N1: 店铺名称
A2: 截止25年9月授权清单 | B2: 本来生活 | C2: 华南仓 | D2: 经销 | E2: 广州大区 | F2: 广州玛田食品有限公司 | G2: 广州玛田食品有限公司 | H2: 广州市 | I2: 全品项 | L2: 华中大区 | M2: 武汉江城瑞恒商贸有限公司 | N2: 江城瑞恒乳业专营店
A3: 截止25年9月授权清单 | B3: 拼多多 | C3: 二多食品保健专营店 | D3: 经销 | E3: 广州大区 | F3: 广州二多贸易有限公司 | G3: 广州二多贸易有限公司 | H3: 广州市 | I3: 全品项（除鲜奶、配餐100等特通产品） | L3: 华中大区 | M3: 武汉源乳汇商贸有限公司 | N3: 源乳汇食品专营店
A4: 截止25年9月授权清单 | B4: 淘宝、拼多多 | C4: 喜万佳超市 | D4: 经销 | E4: 广州大区 | F4: 广州喜万佳便利店有限公司 | G4: 广州喜万佳便利店有限公司 | H4: 广州市 | I4: 全品项（除鲜奶、配餐101等特通产品） | L4: 华中大区 | M4: 武汉源乳汇商贸有限公司 | N4: 源乳汇食品专营店
A5: 截止25年9月授权清单 | B5: 淘宝、拼多多 | C5: 柏赞食品专营店喜萬佳超市 | D5: 经销 | E5: 广州大区 | F5: 广州喜万佳便利店有限公司 | G5: 广州喜万佳便利店有限公司 | H5: 广州市 | I5: 全品项（除鲜奶、配餐101等特通产品） | L5: 华中大区 | M5: 长沙市开琪食品贸易有限公司 | N5: 开琪食品专营店
A6: 截止25年9月授权清单 | B6: 淘宝 | C6: 淘宝农场直发 | D6: 经销 | E6: 广州大区 | F6: 广州同超贸易有限公司 | G6: 广州同超贸易有限公司 | H6: 广州市 | I6: 全品项（除鲜奶、配餐102等特通产品） | L6: 华中大区 | M6: 长沙市开琪食品贸易有限公司 | N6: 卡士开琪专卖店
A7: 截止25年9月授权清单 | B7: 淘宝 | C7: 惠洁雅酸奶铺子 | D7: 经销 | E7: 深圳大区 | F7: 东莞市智臣优倍贸易有限公司 | G7: 东莞市智臣优倍贸易有限公司 | H7: 广东省（一件代发） | I7: 全品项（除鲜奶、配餐100、专属120等特通产品） | L7: 华中大区 | M7: 长沙市开琪食品贸易有限公司 | N7: 卡士开琪专卖店
A8: 截止25年9月授权清单 | B8: 抖音 | C8: 惠洁雅乳品专营店 | D8: 经销 | E8: 深圳大区 | F8: 东莞市智臣优倍贸易有限公司 | G8: 东莞市智臣优倍贸易有限公司 | H8: 广东省（一件代发） | I8: 全品项（除鲜奶、配餐100、专属120等特通产品） | L8: 华中大区 | M8: 长沙楚彤商贸有限公司 | N8: 卡士楚彤专卖店
A9: 截止25年9月授权清单 | B9: 天猫 | C9: 雨田乳品专营店 | D9: 经销 | E9: 深圳大区 | F9: 广东省莞诚贸易有限公司 | G9: 东莞市雨田食品有限公司 | H9: 全国 | I9: 全品项(鲜奶、特通产品除外)
A10: 截止25年9月授权清单 | B10: 天猫 | C10: 鼎诚乳品专营店 | D10: 经销 | E10: 深圳大区 | F10: 广东省莞诚贸易有限公司 | G10: 广州市鼎诚食品有限公司 | H10: 全国 | I10: 全品项(鲜奶、特通产品除外)
A11: 截止25年9月授权清单 | B11: 京东 | C11: 苏扬江记卖场店 | D11: 经销 | E11: 华东大区 | F11: 嘉兴美本贸易有限公司 | G11: 嘉兴美本贸易有限公司 | H11: 全国 | I11: 全品项（鲜奶及特通产品除外）
A12: 截止25年9月授权清单 | B12: 美团 | C12: 美本食品专营店 | D12: 经销 | E12: 华东大区 | F12: 嘉兴美本贸易有限公司 | G12: 嘉兴美本贸易有限公司 | H12: 全国 | I12: 全品项（鲜奶及特通产品除外）
A13: 截止25年9月授权清单 | B13: 淘宝 | C13: 厂家代理批发部 | D13: 经销 | E13: 华东大区 | F13: 嘉兴美本贸易有限公司 | G13: 嘉兴美本贸易有限公司 | H13: 全国 | I13: 全品项（鲜奶及特通产品除外）
A14: 截止25年9月授权清单 | B14: 天猫 | C14: 鲜浔乳品专营店 | D14: 经销 | E14: 华东大区 | F14: 临圣湖电子商务（南京）有限公司 | G14: 临圣湖电子商务（南京）有限公司 | H14: 全国 | I14: 全品项（鲜奶及特通产品除外）
A15: 截止25年9月授权清单 | B15: 天猫 | C15: 金恩乳品专营店 | D15: 经销 | E15: 华东大区 | F15: 临圣湖电子商务（南京）有限公司 | G15: 临圣湖电子商务（南京）有限公司 | H15: 全国 | I15: 全品项（鲜奶及特通产品除外）
A16: 截止25年9月授权清单 | B16: 京东 | C16: 卡士临圣湖专卖店 | D16: 经销 | E16: 华东大区 | F16: 临圣湖电子商务（南京）有限公司 | G16: 临圣湖电子商务（南京）有限公司 | H16: 全国 | I16: 全品项（鲜奶及特通产品除外）
A17: 截止25年9月授权清单 | B17: 拼多多 | C17: 乳之家专营店 | D17: 经销 | E17: 华东大区 | F17: 临圣湖电子商务（南京）有限公司 | G17: 临圣湖电子商务（南京）有限公司 | H17: 全国 | I17: 全品项（鲜奶及特通产品除外）
A18: 截止25年9月授权清单 | B18: 拼多多 | C18: 鲜乳集专营店 | D18: 经销 | E18: 华东大区 | F18: 临圣湖电子商务（南京）有限公司 | G18: 临圣湖电子商务（南京）有限公司 | H18: 全国 | I18: 全品项（鲜奶及特通产品除外）
A19: 截止25年9月授权清单 | B19: 天猫 | C19: 临圣湖旗舰店 | D19: 经销 | E19: 华东大区 | F19: 临圣湖电子商务（南京）有限公司 | G19: 临圣湖电子商务（南京）有限公司 | H19: 全国 | I19: 全品项（鲜奶及特通产品除外）
A20: 截止25年9月授权清单 | B20: 盒马云超 | C20: 卡士classykiss旗舰店 | D20: 经销 | E20: 华东大区 | F20: 临圣湖电子商务（南京）有限公司 | G20: 临圣湖电子商务（南京）有限公司 | H20: 全国 | I20: 全品项（鲜奶及特通产品除外）
... A39: 截止25年9月授权清单 | B39: 美团旗下自营折扣超市 | C39: 快乐猴 | D39: 经销 | E39: 广州大区 | F39: 广州市御全永贸易有限公司 | G39: 广州市御全永贸易有限公司 | H39: 广东省 | I39: 全品项
A40: 截止25年9月授权清单 | B40: 抖音 | C40: CLASSY KISS卡士酸奶旗舰店 | D40: 直营 | E40: 电商 | F40: 电商 | H40: 全国 | I40: 全品项
A41: 截止25年9月授权清单 | B41: 淘宝 | C41: classykiss卡士旗舰店 | D41: 直营 | E41: 电商 | F41: 电商 | H41: 全国 | I41: 全品项
A42: 截止25年9月授权清单 | B42: 小红书 | C42: CLASSY·KISS卡士 | D42: 直营 | E42: 电商 | F42: 电商 | H42: 全国 | I42: 全品项
A43: 截止25年9月授权清单 | B43: 京东 | C43: CLASSY·KISS卡士官方旗舰店 | D43: 直营 | E43: 电商 | F43: 电商 | H43: 全国 | I43: 全品项
A44: 线上巡查提供经销商 | C44: CLASSY·KISS柏赞专卖店 | D44: 经销 | E44: 广州大区 | F44: 广州喜万佳便利店有限公司
A45: 线上巡查提供经销商 | C45: CLASSYKISS乳品企业店 | D45: 经销 | E45: 广州大区 | F45: 广州喜万佳便利店有限公司
A46: 线上巡查提供经销商 | C46: classykiss乳业企业店 | D46: 经销 | E46: 广州大区 | F46: 广州喜万佳便利店有限公司
A47: 线上巡查提供经销商 | C47: CLASSYKISS喜万佳专卖店 | D47: 经销 | E47: 广州大区 | F47: 广州喜万佳便利店有限公司
A48: 线上巡查提供经销商 | C48: 立丰食品专营店 | D48: 经销 | E48: 广州大区 | F48: 广州喜万佳便利店有限公司
A49: 线上巡查提供经销商 | C49: 喜万佳食品专营店 | D49: 经销 | E49: 广州大区 | F49: 广州喜万佳便利店有限公司
A50: 线上巡查提供经销商 | C50: 喜万佳甄选店 | D50: 经销 | E50: 广州大区 | F50: 广州喜万佳便利店有限公司
A51: 线上巡查提供经销商 | C51: 喜萬佳超市 | D51: 经销 | E51: 广州大区 | F51: 广州喜万佳便利店有限公司
A52: 线上巡查提供经销商 | C52: 京仓食品专营店 | D52: 经销 | E52: 华北大区 | F52: 天津和清润通商贸有限公司
A53: 线上巡查提供经销商 | C53: 京简食品专营店 | D53: 经销 | E53: 华北大区 | F53: 天津和清润通商贸有限公司
A54: 线上巡查提供经销商 | C54: 听海先生食品专营店 | D54: 经销 | E54: 华北大区 | F54: 天津和清润通商贸有限公司
A55: 线上巡查提供经销商 | C55: 友吖食品专营店 | D55: 经销 | E55: 上海大区 | F55: 昆山友吖电子商务有限公司
... A89: 上海大区提供 | C89: 星七STARS SEVEN | D89: 经销 | E89: 上海大区 | F89: 上海旭禄商贸有限公司
A90: 华北大区提供 | C90: 草原牧场 | E90: 华北大区 | F90: 乡圣竹
C91: 旭禄酒水专营店 | D91: 经销 | E91: 上海大区 | F91: 上海旭禄商贸有限公司
C92: 臻选尤品商贸 | D92: 经销 | E92: 上海大区 | F92: 上海晗臻实业有限公司
C93: CLASSY·KISS 卡士官方旗舰店 | D93: 电商 | E93: 电商 | F93: 电商
A94: 华中大区提供 | B94: 拼多多 | C94: 江城瑞恒乳业专营店 | D94: 经销 | E94: 华中大区 | F94: 武汉江城瑞恒商贸有限公司
A95: 华中大区提供 | B95: 朴朴 | C95: \ | D95: 经销 | E95: 华中大区 | F95: 武汉江城瑞恒商贸有限公司
A96: 华中大区提供 | B96: 小象超市 | C96: \ | D96: 经销 | E96: 华中大区 | F96: 武汉江城瑞恒商贸有限公司
A97: 华中大区提供 | B97: 淘宝 | C97: 源乳汇食品专营店 | D97: 经销 | E97: 华中大区 | F97: 武汉源乳汇商贸有限公司
A98: 华中大区提供 | B98: 拼多多 | C98: 源乳汇食品专营店 | D98: 经销 | E98: 华中大区 | F98: 武汉源乳汇商贸有限公司
A99: 华中大区提供 | B99: 京东 | C99: 源乳汇食品专营店 | D99: 经销 | E99: 华中大区 | F99: 武汉源乳汇商贸有限公司
A100: 华中大区提供 | B100: 兴盛优选 | C100: / | D100: 经销 | E100: 华中大区 | F100: 武汉惠唯科技有限公司
A101: 华中大区提供 | B101: 多多买菜 | C101: / | D101: 经销 | E101: 华中大区 | F101: 武汉惠唯科技有限公司
A102: 华中大区提供 | B102: 京东 | C102: 开琪食品专营店 | D102: 经销 | E102: 华中大区 | F102: 长沙市开琪食品贸易有限公司
A103: 华中大区提供 | B103: 京东 | C103: 卡士开琪专卖店 | D103: 经销 | E103: 华中大区 | F103: 长沙市开琪食品贸易有限公司
A104: 华中大区提供 | B104: 天猫 | C104: 开琪食品专营店 | D104: 经销 | E104: 华中大区 | F104: 长沙市开琪食品贸易有限公司
A105: 华中大区提供 | B105: 拼多多 | C105: 卡士开祺专卖店 | D105: 经销 | E105: 华中大区 | F105: 长沙市开琪食品贸易有限公司
... A112: 华中大区提供 | B112: 知花知果 | C112: / | D112: 经销 | E112: 华中大区 | F112: 长沙楚彤商贸有限公司
A113: 华中大区提供 | B113: 小象超市 | D113: 经销 | E113: 华中大区 | F113: 湖南楚晗供应链有限公司
A114: 系统申请 | C114: 中瑞心选 | D114: 经销 | E114: 上海大区 | F114: 上海艾依贝实业有限公司
A115: 系统申请 | C115: 沪惠食品铺子 | D115: 经销 | E115: 上海大区 | F115: 上海艾依贝实业有限公司
A116: 系统申请 | C116: 艾依贝休闲食品专营店 | D116: 经销 | E116: 上海大区 | F116: 上海艾依贝实业有限公司
A117: 系统申请 | C117: 厦门几何供应链管理有限公司_多多买菜 | D117: 经销 | E117: 闽赣大区 | F117: 厦门几何精选供应链管理有限公司
A118: 系统申请 | C118: 家家养的牛食品专营店 | D118: 经销 | E118: 华东大区 | F118: 武汉家家养的牛生物科技有限公司
A119: 系统申请 | C119: 武汉家家养的牛生物科技11专营店 | D119: 经销 | E119: 华东大区 | F119: 武汉家家养的牛生物科技有限公司
A120: 系统申请 | C120: 卡士佳牛专卖店 | D120: 经销 | E120: 华东大区 | F120: 杭州佳牛科技有限公司
A121: 系统申请 | C121: 家家养的牛旗舰店 | D121: 经销 | E121: 华东大区 | F121: 杭州佳牛科技有限公司
A122: 系统申请 | C122: 家家养的牛旗舰店 | D122: 经销 | E122: 华东大区 | F122: 杭州佳牛科技有限公司
A123: 系统申请 | C123: 尚百汇食品专营店 | D123: 经销 | E123: 华东大区 | F123: 杭州佳牛科技有限公司
C124: 好奶汇食品专营店 | D124: 经销 | E124: 鲁豫陕大区 | F124: 悦时（山东）供应链管理有限公司
B206: 拼多多 | C206: 光明开琪专卖店 | D206: 经销 | E206: 华中大区 | F206: 长沙市开琪食品贸易有限公司

Sheet 指导价
A1: 产品 | B1: 红线价
A2: 卡士吃酸大果粒风味发酵乳系列(黄桃、酸木瓜、粉芭乐）单杯 | B2: 13.9
A3: 卡士吃酸大果粒风味发酵乳系列(黄桃、酸木瓜、粉芭乐）3联 | B3: 32.9
A4: 卡士餐后一小时原味250g | B4: 10.9
A5: 卡士餐后一小时原味250g 三瓶 | B5: 32.7
A6: 卡士餐后一小时原味250g 六瓶 | B6: 65.4
A7: 卡士餐后一小时无蔗糖原味250g | B7: 10.9
A8: 卡士餐后一小时无蔗糖原味250g 三瓶 | B8: 32.7
A9: 卡士断糖日记无蔗糖原味130g 单瓶 | B9: 7.4
A10: 卡士断糖日记无蔗糖原味130g 四瓶 | B10: 29.5
A11: 卡士断糖日记无蔗糖椰子味130g 单瓶 | B11: 7.4
A12: 卡士断糖日记无蔗糖椰子味130g 四瓶 | B12: 29.5
A13: 卡士宝贝第二餐儿童酸奶（原味、西梅苹果味无蔗糖、4%蔗糖草莓蓝莓树莓味、4%蔗糖山楂六物味）（单袋85g） 单袋 | B13: 6.6
... A16: 卡士007无蔗糖益生菌家庭装酸奶原味969g 单瓶 | B16: 24.9
A17: 卡士007益生菌酸奶原味440g 单瓶 | B17: 12.8 | C17: 12.8单瓶 24.9元两瓶
A18: 卡士007无蔗糖益生菌酸奶原味428g 单瓶 | B18: 12.8 | C18: 12.8单瓶 24.9元两瓶
A19: 卡士007分享装益生菌酸奶（原味）100g三联 | B19: 12.5
A20: 卡士007小瓶装益生菌酸奶原味 220g | B20: 8.9
A21: 卡士007小瓶装益生菌酸奶原味 440g（220g*2） | B21: 17.8
A22: 卡士007AD钙益生菌酸奶-果味-210g | B22: 8.9
A23: 卡士007AD钙益生菌酸奶-果味-420g（210g*2） | B23: 17.8
A24: 卡士007益生菌酸奶风味发酵乳200g-全口味 | B24: /
A25: 卡士007益生菌酸奶风味发酵乳360g-全口味 | B25: /
A26: 卡士原态酪乳 单瓶 | B26: 7.8
A27: 卡士原态酪乳 三瓶 | B27: 22.2
A28: 卡士原态酪乳 六瓶 | B28: 44.4
A29: 卡士餐后一小时原味250g 单瓶 | B29: 10.9
A30: 卡士餐后一小时原味250g 三瓶 | B30: 32.7
A31: 卡士餐后一小时原味250g 六瓶 | B31: 65.4
A32: 卡士餐后一小时无蔗糖原味250g 单瓶 | B32: 10.9
A33: 卡士餐后一小时无蔗糖原味250g 三瓶 | B33: 32.7
A34: 卡士双倍蛋白风味发酵乳（活力原味、清醒柠橙、元气奇亚籽） 单瓶 | B34: 6.3
A35: 卡士双倍蛋白风味发酵乳（活力原味、清醒柠橙、元气奇亚籽） 三瓶 | B35: 18.9
A36: 卡士双倍蛋白风味发酵乳（活力原味、清醒柠橙、元气奇亚籽） 六瓶 | B36: 35.8
A37: 卡士鲜酪乳100g（蓝莓果粒、黄桃果粒、草莓果粒、芒芒椰椰） 单瓶 | B37: 4.2
... A60: 卡士原真态度有机鲜牛奶755ml 单瓶 | B60: 25.9

Sheet 城市清单
A1: 城市 | B1: 大区 | F1: 发货地区 | I1: 发货 | J1: 地区
A2: 澳门 | B2: 深圳大区 | C2: 澳门 | F2: 上海 | G2: =VLOOKUP(F:F,A:B,2,0) -> 上海大区 | I2: 四川 | J2: 成都 | K2: =VLOOKUP(I:I,A:B,2,0) -> 西南大区 | L2: =VLOOKUP(J2,A:B,2,0) -> #N/A
A3: 包头 | B3: 华北大区 | C3: 包头 | F3: 上海 | G3: =VLOOKUP(F:F,A:B,2,0) -> 上海大区 | I3: 四川 | J3: 成都 | K3: =VLOOKUP(I:I,A:B,2,0) -> 西南大区 | L3: =VLOOKUP(J3,A:B,2,0) -> #N/A
A4: 北京 | B4: 华北大区 | C4: 北京 | F4: 上海 | G4: =VLOOKUP(F:F,A:B,2,0) -> 上海大区 | I4: 四川 | J4: 成都 | K4: =VLOOKUP(I:I,A:B,2,0) -> 西南大区 | L4: =VLOOKUP(J4,A:B,2,0) -> #N/A
A5: 潮州 | B5: 深圳大区 | C5: 潮州 | F5: 上海 | G5: =VLOOKUP(F:F,A:B,2,0) -> 上海大区 | I5: 四川 | J5: 成都 | K5: =VLOOKUP(I:I,A:B,2,0) -> 西南大区 | L5: =VLOOKUP(J5,A:B,2,0) -> #N/A
A6: 赤峰 | B6: 华北大区 | C6: 赤峰 | F6: 上海 | G6: =VLOOKUP(F:F,A:B,2,0) -> 上海大区 | I6: 四川 | J6: 成都 | K6: =VLOOKUP(I:I,A:B,2,0) -> 西南大区 | L6: =VLOOKUP(J6,A:B,2,0) -> #N/A
A7: 鄂尔多斯 | B7: 华北大区 | C7: 鄂尔多斯 | F7: 上海 | G7: =VLOOKUP(F:F,A:B,2,0) -> 上海大区 | I7: 山东 | J7: 济南 | K7: =VLOOKUP(I:I,A:B,2,0) -> 鲁豫陕大区 | L7: =VLOOKUP(J7,A:B,2,0) -> #N/A
A8: 福建福州 | B8: 闽赣大区 | C8: 福州 | D8: 福建 | F8: 上海 | G8: =VLOOKUP(F:F,A:B,2,0) -> 上海大区 | I8: 安徽 | J8: 济南 | K8: =VLOOKUP(I:I,A:B,2,0) -> #N/A | L8: =VLOOKUP(J8,A:B,2,0) -> #N/A
A9: 福建龙岩 | B9: 闽赣大区 | C9: 龙岩 | D9: 福建 | F9: 上海 | G9: =VLOOKUP(F:F,A:B,2,0) -> 上海大区 | I9: 山东 | J9: 济南 | K9: =VLOOKUP(I:I,A:B,2,0) -> 鲁豫陕大区 | L9: =VLOOKUP(J9,A:B,2,0) -> #N/A
A10: 福建南平 | B10: 闽赣大区 | C10: 南平 | D10: 福建 | F10: 上海 | G10: =VLOOKUP(F:F,A:B,2,0) -> 上海大区 | I10: 山东 | J10: 济南 | K10: =VLOOKUP(I:I,A:B,2,0) -> 鲁豫陕大区 | L10: =VLOOKUP(J10,A:B,2,0) -> #N/A
A11: 福建宁德 | B11: 闽赣大区 | C11: 宁德 | D11: 福建 | F11: 上海 | G11: =VLOOKUP(F:F,A:B,2,0) -> 上海大区 | I11: 浙江 | J11: 杭州 | K11: =VLOOKUP(I:I,A:B,2,0) -> 华东大区 | L11: =VLOOKUP(J11,A:B,2,0) -> #N/A
A12: 福建莆田 | B12: 闽赣大区 | C12: 莆田 | D12: 福建 | F12: 上海 | G12: =VLOOKUP(F:F,A:B,2,0) -> 上海大区 | I12: 浙江 | J12: 杭州 | K12: =VLOOKUP(I:I,A:B,2,0) -> 华东大区 | L12: =VLOOKUP(J12,A:B,2,0) -> #N/A
A13: 福建泉州 | B13: 闽赣大区 | C13: 泉州 | D13: 福建 | F13: 上海 | G13: =VLOOKUP(F:F,A:B,2,0) -> 上海大区 | I13: 浙江 | J13: 杭州 | K13: =VLOOKUP(I:I,A:B,2,0) -> 华东大区 | L13: =VLOOKUP(J13,A:B,2,0) -> #N/A
A14: 福建三明 | B14: 闽赣大区 | C14: 三明 | D14: 福建 | F14: 江苏南京 | G14: =VLOOKUP(F:F,A:B,2,0) -> 华东大区 | I14: 浙江 | J14: 杭州 | K14: =VLOOKUP(I:I,A:B,2,0) -> 华东大区 | L14: =VLOOKUP(J14,A:B,2,0) -> #N/A
A15: 福建厦门 | B15: 闽赣大区 | C15: 厦门 | D15: 福建 | F15: 江苏南京 | G15: =VLOOKUP(F:F,A:B,2,0) -> 华东大区 | I15: 浙江 | J15: 杭州 | K15: =VLOOKUP(I:I,A:B,2,0) -> 华东大区 | L15: =VLOOKUP(J15,A:B,2,0) -> #N/A
A16: 福建漳州 | B16: 闽赣大区 | C16: 漳州 | D16: 福建 | F16: 江苏南京 | G16: =VLOOKUP(F:F,A:B,2,0) -> 华东大区 | I16: 河北 | J16: 秦皇岛 | K16: =VLOOKUP(I:I,A:B,2,0) -> 华北大区 | L16: =VLOOKUP(J16,A:B,2,0) -> #N/A
A17: 甘肃 | B17: 鲁豫陕大区 | C17: 甘肃 | F17: 江苏南京 | G17: =VLOOKUP(F:F,A:B,2,0) -> 华东大区 | I17: 河北 | J17: 秦皇岛 | K17: =VLOOKUP(I:I,A:B,2,0) -> 华北大区 | L17: =VLOOKUP(J17,A:B,2,0) -> #N/A
A18: 广东深圳 | B18: 深圳大区 | C18: 深圳 | F18: 江苏南京 | G18: =VLOOKUP(F:F,A:B,2,0) -> 华东大区 | I18: 河北 | J18: 秦皇岛 | K18: =VLOOKUP(I:I,A:B,2,0) -> 华北大区 | L18: =VLOOKUP(J18,A:B,2,0) -> #N/A
A19: 广东澄迈 | B19: 广州大区 | C19: 澄迈 | D19: 广东 | F19: 江苏南京 | G19: =VLOOKUP(F:F,A:B,2,0) -> 华东大区 | I19: 河北 | J19: 秦皇岛 | K19: =VLOOKUP(I:I,A:B,2,0) -> 华北大区 | L19: =VLOOKUP(J19,A:B,2,0) -> #N/A
A20: 广东儋州 | B20: 广州大区 | C20: 儋州 | D20: 广东 | F20: 浙江杭州 | G20: =VLOOKUP(F:F,A:B,2,0) -> 华东大区 | I20: 河北 | J20: 秦皇岛 | K20: =VLOOKUP(I:I,A:B,2,0) -> 华北大区 | L20: =VLOOKUP(J20,A:B,2,0) -> #N/A
A21: 广东东方 | B21: 广州大区 | C21: 东方 | D21: 广东 | F21: 浙江杭州 | G21: =VLOOKUP(F:F,A:B,2,0) -> 华东大区 | I21: 河北 | J21: 秦皇岛 | K21: =VLOOKUP(I:I,A:B,2,0) -> 华北大区 | L21: =VLOOKUP(J21,A:B,2,0) -> #N/A
A22: 广东东莞 | B22: 广州大区 | C22: 东莞 | F22: 浙江杭州 | G22: =VLOOKUP(F:F,A:B,2,0) -> 华东大区 | I22: 河北 | J22: 秦皇岛 | K22: =VLOOKUP(I:I,A:B,2,0) -> 华北大区 | L22: =VLOOKUP(J22,A:B,2,0) -> #N/A
A23: 广东佛山 | B23: 广州大区 | C23: 佛山 | D23: 广东 | F23: 浙江杭州 | G23: =VLOOKUP(F:F,A:B,2,0) -> 华东大区 | I23: 河北 | J23: 秦皇岛 | K23: =VLOOKUP(I:I,A:B,2,0) -> 华北大区 | L23: =VLOOKUP(J23,A:B,2,0) -> #N/A
A24: 广东广州 | B24: 广州大区 | C24: 广州 | D24: 广东 | F24: 浙江杭州 | G24: =VLOOKUP(F:F,A:B,2,0) -> 华东大区 | I24: 河北 | J24: 秦皇岛 | K24: =VLOOKUP(I:I,A:B,2,0) -> 华北大区 | L24: =VLOOKUP(J24,A:B,2,0) -> #N/A
A25: 广东海口 | B25: 广州大区 | C25: 海口 | D25: 广东 | F25: 浙江杭州 | G25: =VLOOKUP(F:F,A:B,2,0) -> 华东大区 | I25: 河北 | J25: 秦皇岛 | K25: =VLOOKUP(I:I,A:B,2,0) -> 华北大区 | L25: =VLOOKUP(J25,A:B,2,0) -> #N/A
A26: 广东江门 | B26: 广州大区 | C26: 江门 | D26: 广东 | F26: 江苏南京 | G26: =VLOOKUP(F:F,A:B,2,0) -> 华东大区 | I26: 湖北 | J26: 襄阳 | K26: =VLOOKUP(I:I,A:B,2,0) -> 华中大区 | L26: =VLOOKUP(J26,A:B,2,0) -> #N/A
A27: 广东乐东 | B27: 广州大区 | C27: 乐东 | D27: 广东 | F27: 江苏南京 | G27: =VLOOKUP(F:F,A:B,2,0) -> 华东大区 | I27: 湖北 | J27: 襄阳 | K27: =VLOOKUP(I:I,A:B,2,0) -> 华中大区 | L27: =VLOOKUP(J27,A:B,2,0) -> #N/A
A28: 广东陵水 | B28: 广州大区 | C28: 陵水 | D28: 广东 | F28: 江苏南京 | G28: =VLOOKUP(F:F,A:B,2,0) -> 华东大区 | I28: 湖北 | J28: 襄阳 | K28: =VLOOKUP(I:I,A:B,2,0) -> 华中大区 | L28: =VLOOKUP(J28,A:B,2,0) -> #N/A
A29: 广东茂名 | B29: 广州大区 | C29: 茂名 | D29: 广东 | F29: 江苏南京 | G29: =VLOOKUP(F:F,A:B,2,0) -> 华东大区 | I29: 湖北 | J29: 襄阳 | K29: =VLOOKUP(I:I,A:B,2,0) -> 华中大区 | L29: =VLOOKUP(J29,A:B,2,0) -> #N/A
A30: 广东琼海 | B30: 广州大区 | C30: 琼海 | D30: 广东 | F30: 江苏南京 | G30: =VLOOKUP(F:F,A:B,2,0) -> 华东大区 | I30: 湖北 | J30: 襄阳 | K30: =VLOOKUP(I:I,A:B,2,0) -> 华中大区 | L30: =VLOOKUP(J30,A:B,2,0) -> #N/A
A31: 广东三亚 | B31: 广州大区 | C31: 三亚 | D31: 广东 | F31: 江苏南京 | G31: =VLOOKUP(F:F,A:B,2,0) -> 华东大区 | I31: 湖北 | J31: 襄阳 | K31: =VLOOKUP(I:I,A:B,2,0) -> 华中大区 | L31: =VLOOKUP(J31,A:B,2,0) -> #N/A
A32: 广东万宁 | B32: 广州大区 | C32: 万宁 | D32: 广东 | F32: 江苏南京 | G32: =VLOOKUP(F:F,A:B,2,0) -> 华东大区 | I32: 湖北 | J32: 襄阳 | K32: =VLOOKUP(I:I,A:B,2,0) -> 华中大区 | L32: =VLOOKUP(J32,A:B,2,0) -> #N/A
A33: 广东文昌 | B33: 广州大区 | C33: 文昌 | D33: 广东 | F33: 江苏南京 | G33: =VLOOKUP(F:F,A:B,2,0) -> 华东大区 | I33: 湖北 | J33: 襄阳 | K33: =VLOOKUP(I:I,A:B,2,0) -> 华中大区 | L33: =VLOOKUP(J33,A:B,2,0) -> #N/A
A34: 广东阳江 | B34: 广州大区 | C34: 阳江 | D34: 广东 | F34: 江苏南京 | G34: =VLOOKUP(F:F,A:B,2,0) -> 华东大区 | I34: 湖北 | J34: 襄阳 | K34: =VLOOKUP(I:I,A:B,2,0) -> 华中大区 | L34: =VLOOKUP(J34,A:B,2,0) -> #N/A
... A39: 广东珠海 | B39: 广州大区 | C39: 珠海 | D39: 广东 | F39: 江苏南京 | G39: =VLOOKUP(F:F,A:B,2,0) -> 华东大区 | I39: 湖北 | J39: 仙桃 | K39: =VLOOKUP(I:I,A:B,2,0) -> 华中大区 | L39: =VLOOKUP(J39,A:B,2,0) -> #N/A
A40: 广西 | B40: 西南大区 | C40: 广西自治区 | F40: 江苏南京 | G40: =VLOOKUP(F:F,A:B,2,0) -> 华东大区 | I40: 湖北 | J40: 仙桃 | K40: =VLOOKUP(I:I,A:B,2,0) -> 华中大区 | L40: =VLOOKUP(J40,A:B,2,0) -> #N/A
A41: 贵州 | B41: 西南大区 | C41: 贵州 | F41: 江苏南京 | G41: =VLOOKUP(F:F,A:B,2,0) -> 华东大区 | I41: 湖北 | J41: 仙桃 | K41: =VLOOKUP(I:I,A:B,2,0) -> 华中大区 | L41: =VLOOKUP(J41,A:B,2,0) -> #N/A
A42: 河北 | B42: 华北大区 | C42: 河北 | F42: 江苏南京 | G42: =VLOOKUP(F:F,A:B,2,0) -> 华东大区 | I42: 湖北 | J42: 仙桃 | K42: =VLOOKUP(I:I,A:B,2,0) -> 华中大区 | L42: =VLOOKUP(J42,A:B,2,0) -> #N/A
A43: 河南 | B43: 鲁豫陕大区 | C43: 河南 | F43: 江苏南京 | G43: =VLOOKUP(F:F,A:B,2,0) -> 华东大区 | I43: 河南 | J43: 开封 | K43: =VLOOKUP(I:I,A:B,2,0) -> 鲁豫陕大区 | L43: =VLOOKUP(J43,A:B,2,0) -> #N/A
A44: 河源 | B44: 深圳大区 | C44: 河源 | F44: 江苏南京 | G44: =VLOOKUP(F:F,A:B,2,0) -> 华东大区 | I44: 河南 | J44: 开封 | K44: =VLOOKUP(I:I,A:B,2,0) -> 鲁豫陕大区 | L44: =VLOOKUP(J44,A:B,2,0) -> #N/A
A45: 黑龙江 | B45: 华北大区 | C45: 黑龙江 | F45: 江苏南京 | G45: =VLOOKUP(F:F,A:B,2,0) -> 华东大区 | I45: 河南 | J45: 开封 | K45: =VLOOKUP(I:I,A:B,2,0) -> 鲁豫陕大区 | L45: =VLOOKUP(J45,A:B,2,0) -> #N/A
A46: 呼和浩特 | B46: 华北大区 | C46: 呼和浩特 | F46: 江苏南京 | G46: =VLOOKUP(F:F,A:B,2,0) -> 华东大区 | I46: 河南 | J46: 开封 | K46: =VLOOKUP(I:I,A:B,2,0) -> 鲁豫陕大区 | L46: =VLOOKUP(J46,A:B,2,0) -> #N/A
A47: 湖北 | B47: 华中大区 | C47: 湖北 | F47: 江苏南京 | G47: =VLOOKUP(F:F,A:B,2,0) -> 华东大区 | I47: 河南 | J47: 开封 | K47: =VLOOKUP(I:I,A:B,2,0) -> 鲁豫陕大区 | L47: =VLOOKUP(J47,A:B,2,0) -> #N/A
A48: 湖北 武汉 | B48: 华中大区 | C48: 武汉 | D48: 湖北 | F48: 江苏南京 | G48: =VLOOKUP(F:F,A:B,2,0) -> 华东大区 | I48: 河南 | J48: 开封 | K48: =VLOOKUP(I:I,A:B,2,0) -> 鲁豫陕大区 | L48: =VLOOKUP(J48,A:B,2,0) -> #N/A
A49: 湖南 长沙 | B49: 华中大区 | C49: 长沙 | D49: 湖南 | F49: 江苏南京 | G49: =VLOOKUP(F:F,A:B,2,0) -> 华东大区 | I49: 河南 | J49: 开封 | K49: =VLOOKUP(I:I,A:B,2,0) -> 鲁豫陕大区 | L49: =VLOOKUP(J49,A:B,2,0) -> #N/A
A50: 湖南常德 | B50: 华中大区 | C50: 常德 | D50: 湖南 | F50: 江苏南京 | G50: =VLOOKUP(F:F,A:B,2,0) -> 华东大区 | I50: 河南 | J50: 开封 | K50: =VLOOKUP(I:I,A:B,2,0) -> 鲁豫陕大区 | L50: =VLOOKUP(J50,A:B,2,0) -> #N/A
A51: 湖南郴州 | B51: 华中大区 | C51: 郴州 | D51: 湖南 | F51: 江苏南京 | G51: =VLOOKUP(F:F,A:B,2,0) -> 华东大区 | I51: 河南 | J51: 开封 | K51: =VLOOKUP(I:I,A:B,2,0) -> 鲁豫陕大区 | L51: =VLOOKUP(J51,A:B,2,0) -> #N/A
A52: 湖南衡阳 | B52: 华中大区 | C52: 衡阳 | D52: 湖南 | F52: 江苏南京 | G52: =VLOOKUP(F:F,A:B,2,0) -> 华东大区 | I52: 河南 | J52: 开封 | K52: =VLOOKUP(I:I,A:B,2,0) -> 鲁豫陕大区 | L52: =VLOOKUP(J52,A:B,2,0) -> #N/A
A53: 湖南怀化 | B53: 华中大区 | C53: 怀化 | D53: 湖南 | F53: 江苏南京 | G53: =VLOOKUP(F:F,A:B,2,0) -> 华东大区 | I53: 河南 | J53: 开封 | K53: =VLOOKUP(I:I,A:B,2,0) -> 鲁豫陕大区 | L53: =VLOOKUP(J53,A:B,2,0) -> #N/A
A54: 湖南吉首 | B54: 华中大区 | C54: 吉首 | D54: 湖南 | F54: 江苏南京 | G54: =VLOOKUP(F:F,A:B,2,0) -> 华东大区 | I54: 河南 | J54: 开封 | K54: =VLOOKUP(I:I,A:B,2,0) -> 鲁豫陕大区 | L54: =VLOOKUP(J54,A:B,2,0) -> #N/A
A55: 湖南娄底 | B55: 华中大区 | C55: 娄底 | D55: 湖南 | F55: 江苏南京 | G55: =VLOOKUP(F:F,A:B,2,0) -> 华东大区 | I55: 河南 | J55: 开封 | K55: =VLOOKUP(I:I,A:B,2,0) -> 鲁豫陕大区 | L55: =VLOOKUP(J55,A:B,2,0) -> #N/A
A56: 湖南邵阳 | B56: 华中大区 | C56: 邵阳 | D56: 湖南 | F56: 江苏扬州 | G56: =VLOOKUP(F:F,A:B,2,0) -> 华东大区 | I56: 河南 | J56: 开封 | K56: =VLOOKUP(I:I,A:B,2,0) -> 鲁豫陕大区 | L56: =VLOOKUP(J56,A:B,2,0) -> #N/A
A57: 湖南湘潭 | B57: 华中大区 | C57: 湘潭 | D57: 湖南 | F57: 江苏扬州 | G57: =VLOOKUP(F:F,A:B,2,0) -> 华东大区 | I57: 河南 | J57: 开封 | K57: =VLOOKUP(I:I,A:B,2,0) -> 鲁豫陕大区 | L57: =VLOOKUP(J57,A:B,2,0) -> #N/A
A58: 湖南益阳 | B58: 华中大区 | C58: 益阳 | D58: 湖南 | F58: 江苏扬州 | G58: =VLOOKUP(F:F,A:B,2,0) -> 华东大区 | I58: 河南 | J58: 开封 | K58: =VLOOKUP(I:I,A:B,2,0) -> 鲁豫陕大区 | L58: =VLOOKUP(J58,A:B,2,0) -> #N/A
A59: 湖南永州 | B59: 华中大区 | C59: 永州 | D59: 湖南 | F59: 江苏扬州 | G59: =VLOOKUP(F:F,A:B,2,0) -> 华东大区 | I59: 河南 | J59: 开封 | K59: =VLOOKUP(I:I,A:B,2,0) -> 鲁豫陕大区 | L59: =VLOOKUP(J59,A:B,2,0) -> #N/A
... A62: 湖南株洲 | B62: 华中大区 | C62: 株洲 | D62: 湖南 | F62: 江苏扬州 | G62: =VLOOKUP(F:F,A:B,2,0) -> 华东大区 | I62: 河南 | J62: 开封 | K62: =VLOOKUP(I:I,A:B,2,0) -> 鲁豫陕大区 | L62: =VLOOKUP(J62,A:B,2,0) -> #N/A
A63: 惠州 | B63: 深圳大区 | C63: 惠州 | F63: 江苏扬州 | G63: =VLOOKUP(F:F,A:B,2,0) -> 华东大区 | I63: 河南 | J63: 开封 | K63: =VLOOKUP(I:I,A:B,2,0) -> 鲁豫陕大区 | L63: =VLOOKUP(J63,A:B,2,0) -> #N/A
A64: 吉林 | B64: 华北大区 | C64: 吉林 | F64: 江苏扬州 | G64: =VLOOKUP(F:F,A:B,2,0) -> 华东大区 | I64: 河南 | J64: 开封 | K64: =VLOOKUP(I:I,A:B,2,0) -> 鲁豫陕大区 | L64: =VLOOKUP(J64,A:B,2,0) -> #N/A
A65: 江苏安庆 | B65: 华东大区 | C65: 安庆 | D65: 江苏 | F65: 江苏扬州 | G65: =VLOOKUP(F:F,A:B,2,0) -> 华东大区 | I65: 河南 | J65: 开封 | K65: =VLOOKUP(I:I,A:B,2,0) -> 鲁豫陕大区 | L65: =VLOOKUP(J65,A:B,2,0) -> #N/A
A66: 江苏蚌埠 | B66: 华东大区 | C66: 蚌埠 | D66: 江苏 | F66: 江苏扬州 | G66: =VLOOKUP(F:F,A:B,2,0) -> 华东大区 | I66: 河南 | J66: 开封 | K66: =VLOOKUP(I:I,A:B,2,0) -> 鲁豫陕大区 | L66: =VLOOKUP(J66,A:B,2,0) -> #N/A
A67: 江苏亳州 | B67: 华东大区 | C67: 亳州 | D67: 江苏 | F67: 江苏扬州 | G67: =VLOOKUP(F:F,A:B,2,0) -> 华东大区 | I67: 河南 | J67: 开封 | K67: =VLOOKUP(I:I,A:B,2,0) -> 鲁豫陕大区 | L67: =VLOOKUP(J67,A:B,2,0) -> #N/A
A68: 江苏常州 | B68: 华东大区 | C68: 常州 | D68: 江苏 | F68: 江苏扬州 | G68: =VLOOKUP(F:F,A:B,2,0) -> 华东大区 | I68: 广东 | J68: 深圳 | K68: =VLOOKUP(I:I,A:B,2,0) -> #N/A | L68: =VLOOKUP(J68,A:B,2,0) -> #N/A
A69: 江苏池州 | B69: 华东大区 | C69: 池州 | D69: 江苏 | F69: 江苏扬州 | G69: =VLOOKUP(F:F,A:B,2,0) -> 华东大区 | I69: 广东 | J69: 深圳 | K69: =VLOOKUP(I:I,A:B,2,0) -> #N/A | L69: =VLOOKUP(J69,A:B,2,0) -> #N/A
A70: 江苏滁州 | B70: 华东大区 | C70: 滁州 | D70: 江苏 | F70: 江苏扬州 | G70: =VLOOKUP(F:F,A:B,2,0) -> 华东大区 | I70: 广东 | J70: 深圳 | K70: =VLOOKUP(I:I,A:B,2,0) -> #N/A | L70: =VLOOKUP(J70,A:B,2,0) -> #N/A
A71: 江苏阜阳 | B71: 华东大区 | C71: 阜阳 | D71: 江苏 | F71: 江苏扬州 | G71: =VLOOKUP(F:F,A:B,2,0) -> 华东大区 | I71: 广东 | J71: 揭阳 | K71: =VLOOKUP(I:I,A:B,2,0) -> #N/A | L71: =VLOOKUP(J71,A:B,2,0) -> #N/A
A72: 江苏合肥 | B72: 华东大区 | C72: 合肥 | D72: 江苏 | F72: 江苏扬州 | G72: =VLOOKUP(F:F,A:B,2,0) -> 华东大区 | I72: 广东 | J72: 揭阳 | K72: =VLOOKUP(I:I,A:B,2,0) -> #N/A | L72: =VLOOKUP(J72,A:B,2,0) -> #N/A
A73: 江苏湖州 | B73: 华东大区 | C73: 湖州 | D73: 江苏 | F73: 江苏扬州 | G73: =VLOOKUP(F:F,A:B,2,0) -> 华东大区 | I73: 广东 | J73: 揭阳 | K73: =VLOOKUP(I:I,A:B,2,0) -> #N/A | L73: =VLOOKUP(J73,A:B,2,0) -> #N/A
A74: 江苏淮安 | B74: 华东大区 | C74: 淮安 | D74: 江苏 | F74: 江苏扬州 | G74: =VLOOKUP(F:F,A:B,2,0) -> 华东大区 | I74: 山东 | J74: 潍坊 | K74: =VLOOKUP(I:I,A:B,2,0) -> 鲁豫陕大区 | L74: =VLOOKUP(J74,A:B,2,0) -> #N/A
A75: 江苏淮北 | B75: 华东大区 | C75: 淮北 | D75: 江苏 | F75: 江苏扬州 | G75: =VLOOKUP(F:F,A:B,2,0) -> 华东大区 | I75: 山东 | J75: 潍坊 | K75: =VLOOKUP(I:I,A:B,2,0) -> 鲁豫陕大区 | L75: =VLOOKUP(J75,A:B,2,0) -> #N/A
A76: 江苏淮南 | B76: 华东大区 | C76: 淮南 | D76: 江苏 | F76: 江苏扬州 | G76: =VLOOKUP(F:F,A:B,2,0) -> 华东大区 | I76: 山东 | J76: 潍坊 | K76: =VLOOKUP(I:I,A:B,2,0) -> 鲁豫陕大区 | L76: =VLOOKUP(J76,A:B,2,0) -> #N/A
A77: 江苏黄山 | B77: 华东大区 | C77: 黄山 | D77: 江苏 | F77: 江苏扬州 | G77: =VLOOKUP(F:F,A:B,2,0) -> 华东大区 | I77: 四川 | J77: 成都 | K77: =VLOOKUP(I:I,A:B,2,0) -> 西南大区 | L77: =VLOOKUP(J77,A:B,2,0) -> #N/A
A78: 江苏嘉兴 | B78: 华东大区 | F78: 江苏扬州 | G78: =VLOOKUP(F:F,A:B,2,0) -> 华东大区 | I78: 四川 | J78: 成都 | K78: =VLOOKUP(I:I,A:B,2,0) -> 西南大区 | L78: =VLOOKUP(J78,A:B,2,0) -> #N/A
A79: 江苏丽水 | B79: 华东大区 | C79: 丽水 | D79: 江苏 | F79: 江苏扬州 | G79: =VLOOKUP(F:F,A:B,2,0) -> 华东大区 | I79: 四川 | J79: 成都 | K79: =VLOOKUP(I:I,A:B,2,0) -> 西南大区 | L79: =VLOOKUP(J79,A:B,2,0) -> #N/A
A80: 江苏连云港 | B80: 华东大区 | C80: 连云港 | D80: 江苏 | F80: 江苏扬州 | G80: =VLOOKUP(F:F,A:B,2,0) -> 华东大区 | I80: 陕西 | J80: 西安 | K80: =VLOOKUP(I:I,A:B,2,0) -> 鲁豫陕大区 | L80: =VLOOKUP(J80,A:B,2,0) -> #N/A
A81: 江苏六安 | B81: 华东大区 | C81: 六安 | D81: 江苏 | F81: 江苏扬州 | G81: =VLOOKUP(F:F,A:B,2,0) -> 华东大区 | I81: 陕西 | J81: 西安 | K81: =VLOOKUP(I:I,A:B,2,0) -> 鲁豫陕大区 | L81: =VLOOKUP(J81,A:B,2,0) -> #N/A
A82: 江苏马鞍山 | B82: 华东大区 | C82: 马鞍山 | D82: 江苏 | F82: 江苏扬州 | G82: =VLOOKUP(F:F,A:B,2,0) -> 华东大区 | I82: 陕西 | J82: 西安 | K82: =VLOOKUP(I:I,A:B,2,0) -> 鲁豫陕大区 | L82: =VLOOKUP(J82,A:B,2,0) -> #N/A
A83: 江苏南京 | B83: 华东大区 | C83: 南京 | D83: 江苏 | F83: 江苏扬州 | G83: =VLOOKUP(F:F,A:B,2,0) -> 华东大区 | I83: 陕西 | J83: 西安 | K83: =VLOOKUP(I:I,A:B,2,0) -> 鲁豫陕大区 | L83: =VLOOKUP(J83,A:B,2,0) -> #N/A
A84: 江苏南通 | B84: 华东大区 | C84: 南通 | D84: 江苏 | F84: 江苏扬州 | G84: =VLOOKUP(F:F,A:B,2,0) -> 华东大区 | I84: 陕西 | J84: 西安 | K84: =VLOOKUP(I:I,A:B,2,0) -> 鲁豫陕大区 | L84: =VLOOKUP(J84,A:B,2,0) -> #N/A
A85: 江苏宁波 | B85: 华东大区 | C85: 宁波 | D85: 浙江 | F85: 江苏扬州 | G85: =VLOOKUP(F:F,A:B,2,0) -> 华东大区 | I85: 陕西 | J85: 西安 | K85: =VLOOKUP(I:I,A:B,2,0) -> 鲁豫陕大区 | L85: =VLOOKUP(J85,A:B,2,0) -> #N/A
A86: 江苏衢州 | B86: 华东大区 | C86: 衢州 | D86: 江苏 | F86: 江苏扬州 | G86: =VLOOKUP(F:F,A:B,2,0) -> 华东大区 | I86: 四川 | J86: 成都 | K86: =VLOOKUP(I:I,A:B,2,0) -> 西南大区 | L86: =VLOOKUP(J86,A:B,2,0) -> #N/A
A87: 江苏绍兴 | B87: 华东大区 | C87: 绍兴 | D87: 江苏 | F87: 江苏扬州 | G87: =VLOOKUP(F:F,A:B,2,0) -> 华东大区 | I87: 四川 | J87: 成都 | K87: =VLOOKUP(I:I,A:B,2,0) -> 西南大区 | L87: =VLOOKUP(J87,A:B,2,0) -> #N/A
A88: 江苏 苏州 | B88: 华东大区 | C88: 苏州 | D88: 江苏 | F88: 江苏南京 | G88: =VLOOKUP(F:F,A:B,2,0) -> 华东大区 | I88: 四川 | J88: 成都 | K88: =VLOOKUP(I:I,A:B,2,0) -> 西南大区 | L88: =VLOOKUP(J88,A:B,2,0) -> #N/A
A89: 江苏宿迁 | B89: 华东大区 | C89: 宿迁 | D89: 江苏 | F89: 江苏南京 | G89: =VLOOKUP(F:F,A:B,2,0) -> 华东大区 | I89: 河北 | J89: 唐山 | K89: =VLOOKUP(I:I,A:B,2,0) -> 华北大区 | L89: =VLOOKUP(J89,A:B,2,0) -> #N/A
A90: 江苏宿州 | B90: 华东大区 | C90: 宿州 | D90: 江苏 | F90: 江苏南京 | G90: =VLOOKUP(F:F,A:B,2,0) -> 华东大区 | I90: 河北 | J90: 唐山 | K90: =VLOOKUP(I:I,A:B,2,0) -> 华北大区 | L90: =VLOOKUP(J90,A:B,2,0) -> #N/A
A91: 江苏台州 | B91: 华东大区 | C91: 台州 | D91: 江苏 | F91: 江苏南京 | G91: =VLOOKUP(F:F,A:B,2,0) -> 华东大区 | I91: 河北 | J91: 唐山 | K91: =VLOOKUP(I:I,A:B,2,0) -> 华北大区 | L91: =VLOOKUP(J91,A:B,2,0) -> #N/A
A92: 江苏泰州 | B92: 华东大区 | C92: 泰州 | D92: 江苏 | F92: 江苏南京 | G92: =VLOOKUP(F:F,A:B,2,0) -> 华东大区 | K92: =VLOOKUP(I:I,A:B,2,0) -> #N/A | L92: =VLOOKUP(J92,A:B,2,0) -> #N/A
A93: 江苏铜陵 | B93: 华东大区 | C93: 铜陵 | D93: 江苏 | F93: 江苏南京 | G93: =VLOOKUP(F:F,A:B,2,0) -> 华东大区 | K93: =VLOOKUP(I:I,A:B,2,0) -> #N/A | L93: =VLOOKUP(J93,A:B,2,0) -> #N/A
A94: 江苏温州 | B94: 华东大区 | C94: 温州 | D94: 江苏 | F94: 江苏南京 | G94: =VLOOKUP(F:F,A:B,2,0) -> 华东大区 | K94: =VLOOKUP(I:I,A:B,2,0) -> #N/A | L94: =VLOOKUP(J94,A:B,2,0) -> #N/A
A95: 江苏无锡 | B95: 华东大区 | C95: 无锡 | D95: 江苏 | F95: 江苏南京 | G95: =VLOOKUP(F:F,A:B,2,0) -> 华东大区 | K95: =VLOOKUP(I:I,A:B,2,0) -> #N/A | L95: =VLOOKUP(J95,A:B,2,0) -> #N/A
A96: 安徽芜湖 | B96: 华东大区 | C96: 芜湖 | D96: 安徽 | F96: 江苏南京 | G96: =VLOOKUP(F:F,A:B,2,0) -> 华东大区 | K96: =VLOOKUP(I:I,A:B,2,0) -> #N/A | L96: =VLOOKUP(J96,A:B,2,0) -> #N/A
A97: 江苏徐州 | B97: 华东大区 | C97: 徐州 | D97: 江苏 | F97: 江苏南京 | G97: =VLOOKUP(F:F,A:B,2,0) -> 华东大区 | K97: =VLOOKUP(I:I,A:B,2,0) -> #N/A | L97: =VLOOKUP(J97,A:B,2,0) -> #N/A
A98: 江苏宣城 | B98: 华东大区 | C98: 宣城 | D98: 江苏 | F98: 江苏南京 | G98: =VLOOKUP(F:F,A:B,2,0) -> 华东大区 | K98: =VLOOKUP(I:I,A:B,2,0) -> #N/A | L98: =VLOOKUP(J98,A:B,2,0) -> #N/A
A99: 江苏盐城 | B99: 华东大区 | C99: 盐城 | D99: 江苏 | F99: 江苏南京 | G99: =VLOOKUP(F:F,A:B,2,0) -> 华东大区 | K99: =VLOOKUP(I:I,A:B,2,0) -> #N/A | L99: =VLOOKUP(J99,A:B,2,0) -> #N/A
A100: 江苏扬州 | B100: 华东大区 | C100: 扬州 | D100: 江苏 | F100: 江苏南京 | G100: =VLOOKUP(F:F,A:B,2,0) -> 华东大区 | K100: =VLOOKUP(I:I,A:B,2,0) -> #N/A | L100: =VLOOKUP(J100,A:B,2,0) -> #N/A
A101: 江苏镇江 | B101: 华东大区 | C101: 镇江 | D101: 江苏 | F101: 江苏南京 | G101: =VLOOKUP(F:F,A:B,2,0) -> 华东大区 | K101: =VLOOKUP(I:I,A:B,2,0) -> #N/A | L101: =VLOOKUP(J101,A:B,2,0) -> #N/A
A102: 江苏舟山 | B102: 华东大区 | C102: 舟山 | D102: 江苏 | F102: 江苏南京 | G102: =VLOOKUP(F:F,A:B,2,0) -> 华东大区 | K102: =VLOOKUP(I:I,A:B,2,0) -> #N/A | L102: =VLOOKUP(J102,A:B,2,0) -> #N/A
A103: 江西 | B103: 闽赣大区 | C103: 江西 | D103: 福建 | F103: 江苏南京 | G103: =VLOOKUP(F:F,A:B,2,0) -> 华东大区 | K103: =VLOOKUP(I:I,A:B,2,0) -> #N/A | L103: =VLOOKUP(J103,A:B,2,0) -> #N/A
A104: 广东揭阳 | B104: 深圳大区 | C104: 揭阳 | F104: 江苏南京 | G104: =VLOOKUP(F:F,A:B,2,0) -> 华东大区 | K104: =VLOOKUP(I:I,A:B,2,0) -> #N/A | L104: =VLOOKUP(J104,A:B,2,0) -> #N/A
A105: 辽宁 | B105: 华北大区 | C105: 辽宁 | F105: 江苏南京 | G105: =VLOOKUP(F:F,A:B,2,0) -> 华东大区 | K105: =VLOOKUP(I:I,A:B,2,0) -> #N/A | L105: =VLOOKUP(J105,A:B,2,0) -> #N/A
A106: 梅州 | B106: 深圳大区 | C106: 梅州 | F106: 江苏南京 | G106: =VLOOKUP(F:F,A:B,2,0) -> 华东大区 | K106: =VLOOKUP(I:I,A:B,2,0) -> #N/A | L106: =VLOOKUP(J106,A:B,2,0) -> #N/A
...

Sheet Sheet2
A1: 年月 | B1: 核检日期 | C1: 所属大区 | D1: 更新经销商 | E1: 平台名称 | F1: 发货地区 | G1: 店铺名称 | H1: 商品链接 | I1: 型号 | J1: 数量 | K1: 平台促销价 | L1: 2026年1月促销价格指引 | M1: 售卖单价 （PC） | N1: 促销价是否比红线价低 | O1: 处理大区 | P1: 负责人 | Q1: 整改时间 | R1: 反馈整改图片 | S1: 谁处理问题 | T1: 处理时间 | U1: 处理结果 | V1: 优惠信息 | W1: 商品ID | X1: spu名称 | Y1: sku描述 | Z1: skuid | AA1: 换算价 | AB1: 差价 | AC1: 正常价 | AD1: 销量
A2: 46082 | B2: 46084 | C2: 广州大区 | D2: 未知经销商 | E2: 淘宝/天猫 | F2: 广东 东莞 | G2: classykiss卡士宫荼专卖店 | H2: https://item.taobao.com/item.htm?id=1016348664448 | I2: 卡士吃酸大果粒风味发酵乳系列(黄桃、酸木瓜、粉芭乐）3联 | J2: 4 | K2: 129 | L2: 32.9 | M2: 32.25 | N2: 是 | T2: 46085 | U2: 未调整 | W2: 1016348664448 | X2: 卡士酸奶吃酸风味发酵乳140g*12杯芭乐柠檬水蜜桃酸木瓜黄桃酸奶 | Y2: 商品规格:12杯】酸木瓜双柚芦荟味 | Z2: 6186233958349 | AA2: 131.6 | AB2: -2.6 | AC2: 129
A3: 46082 | B3: 46084 | C3: 广州大区 | D3: 未知经销商 | E3: 淘宝/天猫 | F3: 广东 东莞 | G3: classykiss卡士宫荼专卖店 | H3: https://item.taobao.com/item.htm?id=891449603394 | I3: 卡士断糖日记无蔗糖原味130g 单瓶 | J3: 12 | K3: 85.07 | L3: 7.4 | M3: 7.0891667 | N3: 是 | T3: 46085 | U3: 未调整 | W3: 891449603394 | X3: 卡士酸奶断糖日记无蔗糖发酵乳原味含益生菌代餐奶低温130g* 8杯 | Y3: 口味:6杯原味+6杯椰子味 | Z3: 5841937516523 | AA3: 88.8 | AB3: -3.73 | AC3: 85.07
A4: 46082 | B4: 46084 | C4: 广州大区 | D4: 未知经销商 | E4: 淘宝/天猫 | F4: 广东东莞 | G4: classykiss卡士宫荼专卖店 | H4: https://detail.tmall.com/item.htm?id=969375047856 | I4: 卡士餐后一小时原味250g | J4: 24 | K4: 260 | L4: 10.9 | M4: 10.833333 | N4: 是 | T4: 46085 | U4: 未调整 | V4: 购买得积分 | W4: 969375047856 | X4: 卡士酸奶餐后一小时风味发酵乳益生菌酸奶整箱250g*8瓶 | Y4: 24瓶】有甜味餐后一小时 | Z4: 6084922134156 | AA4: 261.6 | AB4: -1.6 | AC4: 260 | AD4: 5
A5: 46082 | B5: 46084 | C5: 广州大区 | D5: 未知经销商 | E5: 淘宝/天猫 | F5: 广东东莞 | G5: classykiss卡士宫荼专卖店 | H5: https://detail.tmall.com/item.htm?id=891449603394 | I5: 卡士断糖日记无蔗糖原味130g 单瓶 | J5: 24 | K5: 145 | L5: 7.4 | M5: 6.0416667 | N5: 是 | T5: 46085 | U5: 未调整 | V5: 店铺新客减3元 | W5: 891449603394 | X5: 卡士酸奶断糖日记无蔗糖发酵乳原味含益生菌代餐奶低温130g* 8杯 | Y5: 24杯】断糖椰子味 | Z5: 5841937516520 | AA5: 177.6 | AB5: -32.6 | AC5: 156 | AD5: 3000+
A6: 46082 | B6: 46084 | C6: 广州大区 | D6: 未知经销商 | E6: 淘宝/天猫 | F6: 广东东莞 | G6: classykiss卡士宫荼专卖店 | H6: https://detail.tmall.com/item.htm?id=901960799069 | I6: 卡士断糖日记无蔗糖原味130g 单瓶 | J6: 12 | K6: 79.9 | L6: 7.4 | M6: 6.6583333 | N6: 是 | T6: 46085 | U6: 未调整 | V6: 购买得积分 | W6: 901960799069 | X6: 卡士酸奶断糖日记椰子味无蔗糖风味发酵乳低温冷藏130g/杯*8杯 | Y6: 12杯】断糖椰子味 | Z6: 5759319460991 | AA6: 88.8 | AB6: -8.9 | AC6: 79.9 | AD6: 72
A7: 46082 | B7: 46084 | C7: 广州大区 | D7: 未知经销商 | E7: 淘宝/天猫 | F7: 广东东莞 | G7: classykiss卡士宫荼专卖店 | H7: https://detail.tmall.com/item.htm?id=892370854388 | I7: 卡士餐后一小时原味250g | J7: 8 | K7: 84 | L7: 10.9 | M7: 10.5 | N7: 是 | T7: 46085 | U7: 未调整 | V7: 店铺新客减4元 | W7: 892370854388 | X7: 卡士酸奶餐后一小时风味发酵乳益生菌酸奶整箱250g*8瓶 | Y7: 8瓶】有甜味餐后一小时 | Z7: 5907167610155 | AA7: 87.2 | AB7: -3.2 | AC7: 88 | AD7: 1000+
A8: 46082 | B8: 46084 | C8: 广州大区 | D8: 广州喜万佳便利店有限公司 | E8: 淘宝/天猫 | F8: 广东 广州 | G8: CLASSYKISS乳品企业店 | H8: https://item.taobao.com/item.htm?id=827561688204 | I8: 卡士007小瓶装益生菌酸奶原味 220g | J8: 10 | K8: 88.8 | L8: 8.9 | M8: 8.88 | N8: 是 | W8: 827561688204 | X8: 卡士酸奶200ml低温生牛乳活性益生菌酸牛奶孕妇学生早餐奶盒装 | Y8: 口味:【10瓶】活菌奶220g | Z8: 5957088824933 | AA8: 89 | AB8: -0.2 | AC8: 88.8
A9: 46082 | B9: 46084 | C9: 广州大区 | D9: 广州喜万佳便利店有限公司 | E9: 淘宝/天猫 | F9: 广东广州 | G9: CLASSYKISS乳品企业店 | H9: https://item.taobao.com/item.htm?id=994962638547 | I9: 卡士吃酸大果粒风味发酵乳系列(黄桃、酸木瓜、粉芭乐）3联 | J9: 4 | K9: 99.8 | L9: 32.9 | M9: 24.95 | N9: 是 | V9: 券满20减6 | W9: 994962638547 | X9: 卡士酸奶吃酸140g芭乐柠檬水蜜桃酸木瓜黄桃大颗果肉风味发酵乳 | Y9: 【12杯】芭乐柠檬水蜜桃味140g | Z9: 6140728403290 | AA9: 131.6 | AB9: -31.8 | AC9: 105.8 | AD9: 300+
A10: 46082 | B10: 46084 | C10: 华东大区 | D10: 未知经销商 | E10: 淘宝/天猫 | F10: 江苏苏州 | G10: CLASSYKISS乳品线上店 | H10: https://item.taobao.com/item.htm?id=968762108303 | I10: 卡士007AD钙益生菌酸奶-果味-210g | J10: 6 | K10: 51.42 | L10: 8.9 | M10: 8.57 | N10: 是 | T10: 46085 | U10: 已调整 | V10: 官方立减12%省8元；限时立减4.6元 | W10: 968762108303 | X10: 顺丰包邮卡士AD钙酸奶牛油果青苹果味小奶罐益生菌儿童早餐奶210g | Y10: AD钙益生菌酸奶牛油果味210g*6瓶 | Z10: 5915743941062 | AA10: 53.4 | AB10: -1.98 | AC10: 66 | AD10: 8
A11: 46082 | B11: 46084 | C11: 华东大区 | D11: 未知经销商 | E11: 淘宝/天猫 | F11: 江苏苏州 | G11: CLASSYKISS乳品线上店 | H11: https://item.taobao.com/item.htm?id=941523424714 | I11: 卡士断糖日记无蔗糖原味130g 单瓶 | J11: 4 | K11: 28.46 | L11: 7.4 | M11: 7.115 | N11: 是 | T11: 46085 | U11: 已调整 | V11: 官方立减12%省4.6元；限时立减3.8元 | W11: 941523424714 | X11: 顺丰包邮 卡士酸奶断糖日记130g无蔗糖原味早餐奶发酵乳儿童奶 | Y11: 断糖日记原味130g*4杯 | Z11: 5839392805914 | AA11: 29.6 | AB11: -1.14 | AC11: 38 | AD11: 18
A12: 46082 | B12: 46084 | C12: 华东大区 | D12: 未知经销商 | E12: 淘宝/天猫 | F12: 江苏苏州 | G12: CLASSYKISS乳品线上店 | H12: https://item.taobao.com/item.htm?id=995986562176 | I12: 卡士007益生菌家庭装酸奶原味1kg（含港澳版） | J12: 2 | K12: 47.97 | L12: 24.9 | M12: 23.985 | N12: 是 | T12: 46085 | U12: 已调整 | V12: 官方立减12%省7.4元；券满30减4 | W12: 995986562176 | X12: 顺丰包邮卡士酸奶007家庭装0零蔗糖原味益生菌早餐奶大瓶1kg/969g | Y12: 007益生菌原味1kg+零蔗糖969g各1瓶 | Z12: 6142820355659 | AA12: 49.8 | AB12: -1.83 | AC12: 61.2 | AD12: 1
A13: 46082 | B13: 46084 | C13: 广州大区 | D13: 广州喜万佳便利店有限公司 | E13: 淘宝/天猫 | F13: 广东广州 | G13: classykiss乳业企业店 | H13: https://item.taobao.com/item.htm?id=994718526480 | I13: 卡士吃酸大果粒风味发酵乳系列(黄桃、酸木瓜、粉芭乐）3联 | J13: 4 | K13: 99.8 | L13: 32.9 | M13: 24.95 | N13: 是 | V13: 满20.0减6.0；满20减6；淘金币频道抵扣1%起；店铺券 | 满20减6；店铺券 | 满20减6 | W13: 994718526480 | X13: 卡士酸奶吃酸140g芭乐柠檬水蜜桃酸木瓜黄桃大颗果肉风味发酵乳 | Y13: 【12杯】芭乐柠檬水蜜桃味140g | Z13: 6140031551692 | AA13: 131.6 | AB13: -31.8 | AC13: 105.8
A14: 46082 | B14: 46084 | C14: 广州大区 | D14: 广州喜万佳便利店有限公司 | E14: 淘宝/天猫 | F14: 广东广州 | G14: classykiss乳业企业店 | H14: https://item.taobao.com/item.htm?id=900329625374 | I14: 卡士宝贝第二餐儿童酸奶（原味、西梅苹果味无蔗糖、4%蔗糖草莓蓝莓树莓味、4%蔗糖山楂六物味）（单袋85g） 单袋 | J14: 10 | K14: 62.8 | L14: 6.6 | M14: 6.28 | N14: 是 | V14: 满20.0减6.0；满20减6；淘金币频道抵扣1%起；店铺券 | 满20减6；店铺券 | 满20减6 | W14: 900329625374 | X14: 卡士宝贝第二餐酸奶85g儿童酸奶高钙无蔗糖0添加剂控糖宝宝代餐 | Y14: 【8袋】原味85g送2袋如图 | Z14: 5756962229192 | AA14: 66 | AB14: -3.2 | AC14: 68.8
A15: 46082 | B15: 46084 | C15: 无法判定大区 | D15: 未知经销商 | E15: 京东 | G15: MM 會员店 | H15: https://item.jd.com/10148054852544.html | I15: 卡士餐后一小时原味250g | J15: 10 | K15: 106.96 | L15: =VLOOKUP(I:I,指导价!$A:$B,2,0) -> 10.9 | M15: =K15/J15 -> 10.696 | N15: 是 | T15: 46085 | U15: 未调整 | W15: 10148054852544 | X15: 卡士酸奶餐后一小时无蔗糖含纤维风味发酵乳低温酸奶250g瓶装 卡士酸奶无蔗糖250g瓶装*10 | Y15: 卡士酸奶餐后一小时无蔗糖含纤维风味发酵乳低温酸奶250g瓶装 卡士酸奶无蔗糖250g瓶装*10 | Z15: 10148054852544 | AA15: =J15*L15 -> 109 | AB15: =K:K-AA:AA -> -2.04
A16: 46082 | B16: 46084 | C16: 鲁豫陕大区 | D16: 未知经销商 | E16: 淘宝/天猫 | F16: 河南 郑州 | G16: Snacks辛辛优选 | H16: https://item.taobao.com/item.htm?id=989817857117 | I16: 卡士007益生菌家庭装酸奶原味1kg（含港澳版） | J16: 2 | K16: 41.81 | L16: 24.9 | M16: 20.905 | N16: 是 | T16: 46085 | U16: 已下架 | V16: 官方8.8折 | W16: 989817857117 | X16: 卡士007酸奶0蔗糖添加益生菌低温酸奶1kg饮品营养早餐官方正品 | Y16: 卡士原味1kg/瓶,2瓶 | Z16: 6122387699020 | AA16: 49.8 | AB16: -7.99 | AC16: 47.61
A17: 46082 | B17: 46084 | C17: 上海大区 | D17: 上海艾依贝实业有限公司 | E17: 淘宝/天猫 | F17: 上海 | G17: 艾依贝食品专营店 | H17: https://detail.tmall.com/item.htm?id=993134636772 | I17: 卡士007益生菌家庭装酸奶原味1kg（含港澳版） | J17: 2 | K17: 48.31 | L17: 24.9 | M17: 24.155 | N17: 是 | W17: 993134636772 | X17: 卡士低温酸奶007益生菌家庭装969g 无蔗糖低温酸奶早餐风味发酵乳 | Y17: 原味（红瓶1Kg）*2瓶 | Z17: 6017147313764 | AA17: 49.8 | AB17: -1.49 | AC17: 49.8 | AD17: 200+
A18: 46082 | B18: 46084 | C18: 上海大区 | D18: 上海艾依贝实业有限公司 | E18: 淘宝/天猫 | F18: 上海 | G18: 艾依贝食品专营店 | H18: https://detail.tmall.com/item.htm?id=1012730331747 | I18: 卡士007无蔗糖益生菌家庭装酸奶原味969g 单瓶 | J18: 2 | K18: 48.31 | L18: 24.9 | M18: 24.155 | N18: 是 | W18: 1012730331747 | X18: 卡士低温酸奶007益生菌家庭装969g 原味低温酸奶早餐风味发酵乳 | Y18: 0蔗糖（蓝瓶969g）*2瓶 | Z18: 6018459033699 | AA18: 49.8 | AB18: -1.49 | AC18: 49.8 | AD18: 0
A19: 46082 | B19: 46084 | C19: 上海大区 | D19: 上海艾依贝实业有限公司 | E19: 淘宝/天猫 | F19: 上海 | G19: 艾依贝食品专营店 | H19: https://detail.tmall.com/item.htm?id=1013368170478 | I19: 卡士007益生菌家庭装酸奶原味1kg（含港澳版） | J19: 2 | K19: 48.31 | L19: 24.9 | M19: 24.155 | N19: 是 | W19: 1013368170478 | X19: 卡士低温酸奶007益生菌家庭装1Kg红瓶原味低温酸奶早餐风味发酵乳 | Y19: 原味（红瓶1Kg）*2瓶 | Z19: 6183483475621 | AA19: 49.8 | AB19: -1.49 | AC19: 49.8 | AD19: 0
A20: 46082 | B20: 46084 | C20: 上海大区 | D20: 未知经销商 | E20: 淘宝/天猫 | F20: 上海 | G20: 安新点健康生活馆 | H20: https://item.taobao.com/item.htm?id=610172317455 | I20: 卡士餐后一小时原味250g | J20: 24 | K20: 252 | L20: 10.9 | M20: 10.5 | N20: 是 | T20: 46085 | U20: 未调整 | W20: 610172317455 | X20: 卡士酸牛奶餐后一小时250ml双歧杆菌风味发酵乳250g低温酸奶 | Y20: 餐后一小时250g 24瓶 | Z20: 4388617680285 | AA20: 261.6 | AB20: -9.6 | AC20: 252 | AD20: 0
A21: 46082 | B21: 46084 | C21: 无法判定大区 | D21: 未知经销商 | E21: 淘宝/天猫 | G21: 百亿补贴 | H21: http://item.taobao.com/item.htm?id=695691210066 | I21: 卡士餐后一小时无蔗糖原味250g | J21: 3 | K21: 31.15 | L21: 10.9 | M21: =K21/J21 -> 10.383333 | N21: 是 | T21: 46084 | U21: 已调整
A22: 46082 | B22: 46086 | C22: 华东大区 | D22: 杭州佳牛科技有限公司 | E22: 淘宝/天猫 | F22: 上海 | G22: 家家养的牛旗舰店 | H22: https://detail.tmall.com/item.htm?id=768929783909 | I22: 卡士007益生菌酸奶原味440g 单瓶 | J22: 6 | K22: 54.9 | L22: 12.8 | M22: 9.15 | N22: 是 | T22: 46085 | U22: 未调整 | V22: 补贴20元 | W22: 768929783909 | X22: 卡士007酸奶440g*8瓶小奶罐0蔗糖非脱脂早餐原味酸奶整箱装 | Y22: 原味440g/瓶,6瓶 | Z22: 5711231433794 | AA22: 76.8 | AB22: -21.9 | AC22: 74.9
A23: 46082 | B23: 46086 | C23: 华东大区 | D23: 杭州佳牛科技有限公司 | E23: 淘宝/天猫 | F23: 江苏南京 | G23: 尚百汇食品专营店 | H23: https://detail.tmall.com/item.htm?id=891929308614 | I23: 卡士007益生菌酸奶原味440g 单瓶 | J23: 5 | K23: 49.9 | L23: 12.8 | M23: 9.98 | N23: 是 | T23: 46085 | U23: 未调整 | V23: 补贴25元 | W23: 891929308614 | X23: 卡士007酸奶440g*6瓶小奶罐无蔗糖非脱脂早餐原味酸奶整箱装 | Y23: 007酸奶440g*5罐 【有糖】 | Z23: 5899768757512 | AA23: 64 | AB23: -14.1 | AC23: 74.9
A24: 46082 | B24: 46086 | C24: 鲁豫陕大区 | D24: 悦时（山东）供应链管理有限公司 | E24: 淘宝/天猫 | F24: 山东 济南 | G24: 墨白食品专营店 | H24: https://detail.tmall.com/item.htm?id=1012649685777 | I24: 卡士宝贝第二餐儿童酸奶（原味、西梅苹果味无蔗糖、4%蔗糖草莓蓝莓树莓味、4%蔗糖山楂六物味）（单袋85g） 单袋 | J24: 10 | K24: 47.4 | L24: 6.6 | M24: 4.74 | N24: 是 | T24: 46085 | U24: 未调整 | V24: 补贴12.5元 | W24: 1012649685777 | X24: 卡士低温儿童酸奶宝贝第二餐0/4蔗糖宝宝高钙无蔗糖低温酸奶85g | Y24: 【0%蔗糖】原味*10袋 | Z24: 6015124409873 | AA24: 66 | AB24: -18.6 | AC24: 59.9
A25: 46082 | B25: 46086 | C25: 华中大区 | D25: 未知经销商 | E25: 淘宝/天猫 | F25: 湖北 武汉 | G25: 柒捌玖乳品专营店 | H25: https://item.taobao.com/item.htm?id=1002462189563 | I25: 卡士断糖日记无蔗糖原味130g 单瓶 | J25: 8 | K25: 44.9 | L25: 7.4 | M25: 5.6125 | N25: 是 | T25: 46085 | U25: 已调整 | V25: 补贴20元 | W25: 1002462189563 | X25: 卡士0蔗糖0乳糖酸奶断糖日记130g*8杯装原味椰子味低GI认证低温 | Y25: 无蔗糖原味130g,8杯 | Z25: 6156279194932 | AA25: 59.2 | AB25: -14.3 | AC25: 64.9
A26: 46082 | B26: 46084 | C26: 广州大区 | D26: 广州喜万佳便利店有限公司 | E26: 京东 | G26: 柏赞食品甄选店 | H26: https://item.jd.com/10175735583817.html | I26: 卡士餐后一小时原味250g | J26: 12 | K26: 120 | L26: 10.9 | M26: 10 | N26: 是 | W26: 10175735583817 | X26: 卡士（CLASSY.KISS）活菌奶200ml益生菌原味酸奶生牛乳风味发酵乳孕妇儿童学生早餐奶 【8瓶】餐后一小时0蔗糖250g | Y26: 卡士（CLASSY.KISS）活菌奶200ml益生菌原味酸奶生牛乳风味发酵乳孕妇儿童学生早餐奶 【8瓶】餐后一小时0蔗糖250g | Z26: 10175735583817 | AA26: 130.8 | AB26: -10.8
A27: 46082 | B27: 46084 | C27: 广州大区 | D27: 广州喜万佳便利店有限公司 | E27: 淘宝/天猫 | F27: 广东 广州 | G27: 柏赞食品臻选店 | H27: https://item.taobao.com/item.htm?id=643929888992 | I27: 卡士断糖日记无蔗糖原味130g 单瓶 | J27: 8 | K27: 57.2 | L27: 7.4 | M27: 7.15 | N27: 是 | W27: 643929888992 | X27: 卡士酸奶断糖日记130g原味椰子味发酵乳益生菌高钙0蔗糖控糖代餐 | Y27: 口味:【礼盒装】8杯断糖日记原味130g | Z27: 5356011260783 | AA27: 59.2 | AB27: -2 | AC27: 57.2
A28: 46082 | B28: 46084 | C28: 广州大区 | D28: 广州喜万佳便利店有限公司 | E28: 淘宝/天猫 | F28: 广东 广州 | G28: 柏赞食品臻选店 | H28: https://item.taobao.com/item.htm?id=631273015044 | I28: 卡士餐后一小时无蔗糖原味250g | J28: 8 | K28: 80.31 | L28: 10.9 | M28: 10.03875 | N28: 是 | W28: 631273015044 | X28: 卡士酸奶餐后一小时250g双歧杆菌原味发酵乳益生菌膳食纤维早餐奶 | Y28: 口味:【8瓶】餐后一小时0蔗糖250g | Z28: 5537827503236 | AA28: 87.2 | AB28: -6.89 | AC28: 80.31
A29: 46082 | B29: 46084 | C29: 华北大区 | D29: 未知经销商 | E29: 淘宝/天猫 | F29: 北京 | G29: 北京万腾牛奶超市 | H29: https://item.taobao.com/item.htm?id=670328431012 | I29: 卡士007益生菌家庭装酸奶原味1kg（含港澳版） | J29: 2 | K29: 46.8 | L29: 24.9 | M29: 23.4 | N29: 是 | T29: 46085 | U29: 未调整 | V29: 商品券满3.01减3；满2件9.5折 | W29: 670328431012 | X29: 卡士酸奶家庭装酸奶原味1kg瓶装0添加7种益生菌低温酸奶 | Y29: 卡士家庭装1kg*2瓶 | Z29: 4821838129875 | AA29: 49.8 | AB29: -3 | AC29: 49.8 | AD29: 100+
A30: 46082 | B30: 46084 | C30: 华北大区 | D30: 未知经销商 | E30: 淘宝/天猫 | F30: 北京 | G30: 北京万腾牛奶超市 | H30: https://item.taobao.com/item.htm?id=973841775869 | I30: 卡士断糖日记无蔗糖原味130g 单瓶 | J30: 8 | K30: 59 | L30: 7.4 | M30: 7.375 | N30: 是 | T30: 46085 | U30: 未调整 | W30: 973841775869 | X30: 卡士酸奶断糖日记0蔗糖无添加剂健身无蔗糖代餐孕妇儿童营养早餐 | Y30: 卡士断糖日记*8杯 | Z30: 6093921459359 | AA30: 59.2 | AB30: -0.2 | AC30: 59 | AD30: 8
A31: 46082 | B31: 46084 | C31: 华北大区 | D31: 未知经销商 | E31: 淘宝/天猫 | F31: 北京 | G31: 北京万腾牛奶超市 | H31: https://item.taobao.com/item.htm?id=975061881895 | I31: 卡士断糖日记无蔗糖原味130g 单瓶 | J31: 8 | K31: 59 | L31: 7.4 | M31: 7.375 | N31: 是 | T31: 46085 | U31: 未调整 | W31: 975061881895 | X31: 卡士酸奶断糖日记无蔗糖风味发酵乳130g无添加剂无代糖低温酸奶 | Y31: 断糖日记*8杯【京东快递】 | Z31: 6093921527681 | AA31: 59.2 | AB31: -0.2 | AC31: 59 | AD31: 11
A32: 46082 | B32: 46084 | C32: 华北大区 | D32: 未知经销商 | E32: 淘宝/天猫 | F32: 北京 | G32: 北京万腾牛奶超市 | H32: https://item.taobao.com/item.htm?id=676562183952 | I32: 卡士断糖日记无蔗糖原味130g 单瓶 | J32: 8 | K32: 59 | L32: 7.4 | M32: 7.375 | N32: 是 | T32: 46085 | U32: 未调整 | W32: 676562183952 | X32: 卡士酸奶断糖日记0蔗糖无添加剂健身无蔗糖代餐孕妇儿童营养早餐 | Y32: 卡士断糖日记*8杯 | Z32: 4856365244131 | AA32: 59.2 | AB32: -0.2 | AC32: 59 | AD32: 800+
A33: 46082 | B33: 46084 | C33: 华北大区 | D33: 乡圣竹 | E33: 拼多多 | G33: 草原牧场 | H33: https://mobile.yangkeduo.com/goods2.html?ps=mB82nVQnNk | I33: 卡士吃酸大果粒风味发酵乳系列(黄桃、酸木瓜、粉芭乐）3联 | J33: 1 | K33: 30 | L33: =VLOOKUP(I:I,指导价!A:B,2,0) -> 32.9 | M33: 30 | N33: 是 | AA33: 32.9 | AB33: -8.4
A34: 46082 | B34: 46084 | C34: 无法判定大区 | D34: 未知经销商 | E34: 拼多多 | G34: 超美味商行 | H34: https://mobile.yangkeduo.com/goods1.html?ps=xjjjICBAs0 | I34: 卡士007益生菌家庭装酸奶原味1kg（含港澳版） | J34: 2 | K34: 35.9 | L34: =VLOOKUP(I:I,指导价!A:B,2,0) -> 24.9 | M34: 17.95 | N34: 是 | T34: 46087 | U34: 已调整 | AA34: 49.8 | AB34: -13.9
